year,month,day,tempavg,DPavg,humidity avg,SLPavg,visibilityavg,windavg,Rainfall
2011,2,13,21,13,60,1009,3,5,0
2011,2,14,21,18,75,1009,3,5,0
2011,2,15,22,18,75,1010,3,10,0
2011,2,16,23,21,86,1011,3,8,0
2011,2,17,23,19,75,1011,3,8,0
2011,2,18,23,19,75,1011,5,8,0
2011,2,19,24,16,57,1012,4,5,0
2011,2,20,24,14,55,1013,4,2,0
2011,2,21,23,16,60,1012,4,5,0
2011,2,22,24,14,52,1012,5,18,0
2011,2,23,24,15,54,1012,5,6,0
2011,2,24,24,15,54,1010,4,6,0
2011,2,25,24,16,59,1009,4,5,0
2011,2,26,24,16,56,1009,3,8,0
2011,2,28,26,9,37,1010,4,21,0
2011,3,1,25,13,50,1009,5,6,0
2011,3,2,24,12,41,1009,4,6,0
2011,3,3,24,14,48,1009,3,6,0
2011,3,4,26,14,49,1009,3,3,0
2011,3,5,27,16,54,1009,4,5,0
2011,3,6,26,19,66,1010,4,5,0
2011,3,7,26,13,43,1010,4,6,0
2011,3,8,24,17,62,1008,4,3,0
2011,3,9,26,15,50,1010,3,5,0
2011,3,10,27,14,48,1010,4,3,0
2011,3,11,26,19,67,1010,4,6,0
2011,3,12,26,18,57,1010,5,6,0
2011,3,13,26,18,60,1010,4,6,0
2011,3,14,26,21,68,1009,4,6,0
2011,3,15,26,18,61,1008,3,6,0
2011,3,16,26,20,73,1007,4,11,0
2011,3,17,22,18,70,1010,5,11,0
2011,3,19,24,21,78,1007,5,16,0
2011,3,20,24,21,75,1007,4,18,0
2011,3,21,26,21,73,1008,5,18,0
2011,3,22,27,22,74,1009,4,11,0
2011,3,23,26,22,74,1009,5,5,0
2011,3,24,26,22,75,1009,4,8,0
2011,3,25,27,23,77,1009,5,10,0
2011,3,26,27,22,72,1009,5,6,0
2011,3,27,26,21,73,1009,4,5,0
2011,3,28,27,21,69,1009,4,8,0
2011,3,29,26,21,79,1010,4,10,0
2011,3,30,24,20,79,1010,5,13,0
2011,3,31,24,21,77,1009,5,14,0
2011,4,1,25,22,77,1009,6,11,0
2011,4,2,27,23,76,1009,5,6,0
2011,4,3,26,23,84,1009,4,2,0
2011,4,4,27,24,83,1009,4,3,0
2011,4,5,27,20,62,1009,5,14,0
2011,4,6,27,20,60,1010,5,10,0
2011,4,7,26,19,62,1010,4,6,0
2011,4,8,26,23,75,1010,4,5,0
2011,4,9,27,23,78,1011,4,5,0
2011,4,10,28,24,77,1012,4,3,0
2011,4,11,28,24,79,1010,3,5,0
2011,4,12,28,24,78,1009,2,5,0
2011,4,13,28,24,80,1009,3,5,0
2011,4,14,28,24,75,1007,4,6,0
2011,4,15,28,24,77,1008,4,6,0
2011,4,16,28,25,78,1008,4,6,0
2011,4,17,28,24,77,1008,4,6,0
2011,4,18,28,24,77,1006,5,3,0
2011,4,19,30,25,76,1006,5,6,0
2011,4,20,28,24,79,1007,5,6,0
2011,4,21,29,24,75,1008,5,6,0
2011,4,22,29,24,75,1008,4,6,0
2011,4,23,29,21,63,1006,5,3,0
2011,4,24,26,23,83,1008,4,11,0
2011,4,25,28,22,69,1008,6,5,0
2011,4,26,28,22,73,1008,4,5,0
2011,4,27,27,23,78,1006,4,6,0
2011,4,28,28,22,71,1004,5,11,0
2011,4,29,26,22,76,1005,5,8,0
2011,4,30,29,24,75,1007,5,6,0
2011,5,1,28,24,75,1006,5,8,0
2011,5,2,28,24,76,1005,6,10,0
2011,5,3,28,24,79,1005,6,11,0
2011,5,4,28,23,74,1005,5,8,0
2011,5,5,27,23,72,1005,6,6,0
2011,5,6,27,24,78,1005,5,6,0
2011,5,7,28,24,78,1004,5,10,0
2011,5,8,28,24,79,1003,5,5,0
2011,5,9,29,24,72,1002,5,6,0
2011,5,10,30,26,79,1002,5,11,0
2011,5,11,27,23,78,1004,5,16,0
2011,5,12,27,23,72,1004,5,6,0
2011,5,13,29,26,79,1004,6,8,0
2011,5,14,27,24,75,1005,5,10,0
2011,5,15,30,26,73,1007,6,11,0
2011,5,16,31,27,77,1009,6,8,0
2011,5,17,30,26,77,1008,5,6,0
2011,5,18,28,24,81,1006,5,5,0
2011,5,19,27,24,83,1004,5,18,0
2011,5,20,29,25,75,1002,6,14,0
2011,5,21,28,26,82,1002,5,19,0
2011,5,22,27,23,83,1004,4,10,0
2011,5,23,28,25,78,1004,5,13,0
2011,5,24,29,27,83,1004,5,11,0
2011,5,25,28,25,81,1004,5,10,0
2011,5,26,28,25,81,1004,5,5,0
2011,5,27,29,25,79,1003,5,5,0
2011,5,28,29,26,84,1002,5,3,0
2011,5,29,28,24,78,1002,5,6,0
2011,5,30,26,24,89,1002,5,16,0
2011,5,31,28,24,86,1002,4,13,0
2011,6,1,28,24,79,1003,5,13,0
2011,6,2,29,25,78,1005,6,11,0
2011,6,3,29,26,76,1004,6,6,0
2011,6,4,29,26,79,1003,6,8,0
2011,6,5,29,26,83,1004,6,8,0
2011,6,7,29,24,79,1003,6,10,0
2011,6,8,27,24,85,1000,5,8,0
2011,6,9,26,25,91,998,4,5,0
2011,6,10,28,26,86,999,5,8,0
2011,6,11,29,25,81,1000,5,11,0
2011,6,12,29,26,78,1000,6,11,0
2011,6,13,30,26,80,999,6,6,0
2011,6,14,28,26,82,998,5,6,0
2011,6,15,30,24,74,995,5,16,0
2011,6,16,27,24,88,994,4,24,0
2011,6,17,26,23,86,995,4,23,0
2011,6,18,26,25,93,997,3,16,0
2011,6,19,28,26,81,998,5,13,0
2011,6,20,29,25,82,1000,6,11,0
2011,6,21,28,24,80,1000,5,10,0
2011,6,22,28,25,83,1000,5,11,0
2011,6,23,28,26,81,999,6,8,0
2011,6,24,28,26,89,998,4,6,0
2011,6,25,27,25,88,996,4,5,0
2011,6,26,26,25,94,998,4,11,0
2011,6,27,27,25,87,999,5,13,0
2011,6,28,27,26,93,1000,4,11,0
2011,6,29,27,26,91,1002,4,10,0
2011,6,30,27,26,92,1002,3,5,0
2011,7,1,26,25,95,1001,4,8,0
2011,7,2,26,25,93,1001,3,6,0
2011,7,3,27,24,86,1002,5,6,0
2011,7,4,27,24,81,1004,5,10,0
2011,7,5,28,24,79,1005,5,10,0
2011,7,6,28,23,77,1005,6,13,0
2011,7,7,28,25,80,1006,6,13,0
2011,7,8,29,26,81,1007,6,10,0
2011,7,9,29,26,81,1005,6,10,0
2011,7,10,29,26,82,1001,6,8,0
2011,7,11,29,26,80,999,5,11,0
2011,7,12,29,25,78,999,5,8,0
2011,7,13,29,26,77,1000,5,10,0
2011,7,14,29,26,82,1000,6,13,0
2011,12,10,23,17,71,1011,3,5,0
2011,12,11,23,16,65,1012,3,5,0
2011,12,12,24,14,55,1013,5,6,0
2011,12,13,22,13,53,1013,3,2,0
2011,12,14,21,14,60,1014,2,3,0
2011,12,15,19,13,70,1013,3,5,0
2011,12,16,19,14,74,1014,1,5,0
2011,12,17,19,15,78,1013,1,3,0
2011,12,18,18,14,82,1015,1,8,0
2011,12,19,17,14,88,1014,1,3,0
2011,12,20,17,15,87,1012,1,5,0
2011,12,21,17,14,82,1013,1,8,0
2011,12,22,17,13,88,1013,2,8,0
2011,12,23,14,13,90,1011,1,3,0
2011,12,24,17,14,86,1011,2,3,0
2011,12,25,18,15,79,1011,1,6,0
2011,12,26,22,17,72,1012,3,3,0
2011,12,27,22,17,70,1012,4,3,0
2011,12,28,23,19,82,1014,3,3,0
2011,12,29,23,20,80,1014,2,3,0
2011,12,30,26,15,56,1014,5,5,0
2011,12,31,22,13,51,1014,5,6,0
2012,1,1,23,14,57,1012,5,5,0
2012,1,2,22,15,65,1013,3,2,0
2012,1,3,22,17,71,1012,4,6,0
2012,1,4,23,17,66,1013,3,3,0
2012,1,5,23,17,71,1014,3,3,0
2012,1,6,22,17,75,1015,3,2,0
2012,1,7,22,17,73,1016,2,2,0
2012,1,8,22,18,79,1016,3,3,0
2012,1,9,22,18,75,1014,3,8,0
2012,1,10,22,16,68,1014,4,6,0
2012,1,11,21,17,74,1014,3,8,0
2012,1,12,20,16,72,1013,2,14,0
2012,1,13,18,11,63,1014,3,10,0
2012,1,14,18,10,58,1012,3,8,0
2012,1,15,19,12,63,1011,3,8,0
2012,1,16,18,10,57,1009,3,8,0
2012,1,17,19,12,66,1009,3,3,0
2012,1,18,20,16,74,1010,3,2,0
2012,1,19,20,16,75,1010,3,5,0
2012,1,20,20,18,87,1011,2,5,0
2012,1,21,21,18,82,1011,2,5,0
2012,1,22,20,11,53,1013,3,13,0
2012,1,23,19,12,60,1013,3,10,0
2012,1,24,20,12,61,1012,3,8,0
2012,1,25,18,11,61,1013,3,5,0
2012,1,26,20,12,61,1012,3,3,0
2012,1,27,13,12,91,1013,2,3,0
2012,1,28,21,8,45,1012,4,6,0
2012,1,30,24,11,43,1012,4,18,0
2012,1,31,21,11,53,1014,4,5,0
2012,2,1,21,9,46,1014,3,6,0
2012,2,2,21,7,42,1015,4,6,0
2012,2,3,22,11,51,1012,4,10,0
2012,2,4,21,12,56,1012,3,3,0
2012,2,5,21,13,60,1012,3,3,0
2012,2,6,22,11,51,1012,3,3,0
2012,2,7,22,14,57,1011,3,5,0
2012,2,8,24,15,56,1010,3,5,0
2012,2,9,23,16,65,1010,4,3,0
2012,2,10,22,15,62,1011,3,13,0
2012,2,11,22,9,44,1012,5,11,0
2012,2,12,20,8,40,1013,4,8,0
2012,2,13,23,8,37,1013,4,10,0
2012,2,14,23,9,43,1012,4,3,0
2012,2,15,24,14,55,1010,4,3,0
2012,2,16,26,17,57,1010,3,11,0
2012,2,17,26,16,53,1010,4,5,0
2012,2,18,24,15,53,1011,4,11,0
2012,2,19,25,12,45,1010,4,10,0
2012,2,20,23,12,49,1010,4,5,0
2012,2,21,23,14,56,1009,3,3,0
2012,2,22,22,19,75,1008,4,3,0
2012,2,23,23,20,77,1008,4,5,0
2012,2,24,24,19,72,1008,3,5,0
2012,2,25,26,17,64,1007,4,3,0
2012,2,26,26,18,65,1006,4,3,0
2012,2,27,25,20,72,1007,3,3,0
2012,2,28,25,16,61,1005,4,6,0
2012,2,29,23,21,81,1006,4,13,0
2012,3,1,26,23,82,1007,5,11,0
2012,3,2,26,22,84,1006,4,6,0
2012,3,3,23,21,87,1005,4,10,0
2012,3,4,23,21,82,1008,5,5,0
2012,3,5,24,22,81,1007,4,6,0
2012,3,6,26,22,82,1006,5,13,0
2012,3,7,26,23,83,1004,5,13,0
2012,3,8,26,23,79,1005,5,11,0
2012,3,9,27,22,77,1006,5,6,0
2012,3,10,27,22,76,1008,4,5,0
2012,3,11,28,17,53,1009,4,8,0
2012,3,12,28,13,41,1011,5,3,0
2012,3,13,27,15,50,1011,4,2,0
2012,3,14,28,18,58,1010,4,3,0
2012,3,15,26,19,61,1014,3,6,0
2012,3,16,25,17,59,1010,5,6,0
2012,3,17,27,17,56,1009,4,5,0
2012,3,18,26,19,67,1010,5,5,0
2012,3,19,27,22,73,1009,4,5,0
2012,3,20,27,23,78,1009,5,10,0
2012,3,21,27,23,79,1008,5,6,0
2012,3,22,28,24,78,1008,5,10,0
2012,3,23,27,23,79,1010,4,8,0
2012,3,24,27,23,76,1009,5,5,0
2012,3,25,27,23,81,1010,4,5,0
2012,3,26,26,23,83,1011,5,3,0
2012,3,27,27,24,81,1011,4,6,0
2012,3,28,27,23,78,1012,5,6,0
2012,3,29,27,24,80,1010,5,10,0
2012,3,30,27,23,78,1009,5,8,0
2012,3,31,27,23,73,1010,5,5,0
2012,4,1,30,21,58,1009,4,10,0
2012,4,2,28,22,71,1010,4,6,0
2012,4,3,28,24,77,1011,4,5,0
2012,4,4,28,25,78,1010,4,5,0
2012,4,5,28,24,79,1009,4,13,0
2012,4,6,26,22,77,1009,4,8,0
2012,4,7,25,21,81,1009,4,13,0
2012,4,8,25,22,79,1008,5,13,0
2012,4,9,24,18,73,1009,5,16,5.08
2012,4,10,26,21,79,1009,4,10,23.88
2012,4,11,26,20,66,1009,5,8,0
2012,4,12,26,22,79,1007,5,8,0
2012,4,13,23,21,78,1008,5,6,11.94
2012,4,14,27,22,69,1009,5,3,0
2012,4,15,28,24,79,1008,5,5,0
2012,4,16,28,24,83,1006,4,3,0
2012,4,17,28,25,79,1005,5,5,0
2012,4,18,28,24,77,1005,5,6,0
2012,4,19,28,26,80,1006,5,10,0
2012,4,20,28,24,80,1007,5,6,0
2012,4,21,26,24,82,1006,5,8,6.1
2012,4,22,29,25,79,1004,5,11,0
2012,4,23,28,25,78,1005,5,13,1.02
2012,4,24,29,26,76,1006,6,14,0
2012,4,25,30,26,80,1007,6,14,0
2012,4,26,28,24,75,1007,6,13,0
2012,4,27,29,26,80,1005,5,13,0
2012,4,28,28,25,83,1004,5,18,0
2012,4,29,27,22,81,1005,4,14,17.02
2012,4,30,27,24,86,1004,5,13,0
2012,5,1,25,22,90,1005,4,19,48.01
2012,5,2,27,23,77,1006,5,14,5.08
2012,5,3,29,24,72,1005,6,6,3.05
2012,5,4,27,22,74,1005,6,14,0
2012,5,5,28,22,68,1004,5,5,0
2012,5,6,29,23,65,1003,4,6,0
2012,5,7,29,24,72,1003,3,5,0
2012,5,8,29,26,80,1005,5,5,0
2012,5,9,29,26,79,1007,5,11,0
2012,5,10,29,24,74,1008,5,8,0
2012,5,11,29,25,73,1006,5,6,0
2012,5,12,29,26,76,1004,5,6,0
2012,5,13,28,24,81,1004,5,8,21.08
2012,5,14,29,27,83,1004,5,14,0
2012,5,15,30,26,75,1005,5,11,0
2012,5,16,26,24,87,1004,5,16,33.02
2012,5,17,29,26,81,1002,5,6,2.03
2012,5,18,29,26,78,1003,5,10,0
2012,5,19,30,26,81,1004,5,10,0
2012,5,20,30,24,71,1004,5,6,0
2012,5,21,30,26,79,1003,5,6,0
2012,5,22,29,27,81,1003,5,10,0
2012,5,23,30,27,76,1002,5,13,0
2012,5,24,30,27,80,1001,5,14,0.25
2012,5,25,30,27,80,1001,6,13,0
2012,5,26,30,27,78,1001,5,8,0
2012,5,27,31,27,78,1001,5,8,0
2012,5,28,29,26,80,1001,5,11,7.11
2012,5,29,29,26,79,1002,5,10,2.03
2012,5,30,30,26,81,1000,5,8,0
2012,5,31,29,26,78,999,5,6,58.93
2012,6,1,27,26,92,1000,4,6,30.99
2012,6,2,28,26,83,999,5,11,0
2012,6,3,28,26,80,998,5,18,1.02
2012,6,4,31,28,84,999,5,14,0
2012,6,5,27,24,85,1000,5,18,4.06
2012,6,6,27,25,83,1000,5,11,58.93
2012,6,7,30,26,80,999,6,5,0
2012,6,8,30,27,81,999,6,6,0
2012,6,9,31,27,82,999,5,6,0
2012,6,10,30,27,81,998,5,11,0
2012,6,11,29,27,81,999,5,10,0
2012,6,12,30,26,77,1001,6,13,0
2012,6,13,29,27,84,1002,6,14,0
2012,6,14,29,26,87,1002,5,11,23.11
2012,6,15,27,26,90,1001,4,16,17.02
2012,6,16,24,23,96,999,3,11,49.02
2012,6,17,27,25,83,998,6,3,1.02
2012,6,18,30,26,81,998,6,10,0
2012,6,19,30,26,83,995,5,8,3.05
2012,6,20,29,26,80,994,6,18,5.08
2012,6,21,29,26,83,997,5,16,4.06
2012,6,22,28,26,87,1001,4,16,11.94
2012,6,23,28,26,91,1000,4,16,80.01
2012,6,24,26,26,95,999,3,18,9.91
2012,6,25,27,24,85,1001,4,10,0
2012,6,26,24,24,98,1000,2,19,0
2012,6,27,28,24,85,1001,6,10,0
2012,6,28,28,26,84,999,5,6,0
2012,6,29,29,26,84,998,5,8,0
2012,6,30,29,26,84,997,5,8,0
2012,7,1,29,25,76,996,6,8,0
2012,7,2,28,25,81,999,6,13,0
2012,7,3,29,26,87,999,5,18,25.91
2012,7,4,29,26,86,999,6,18,1.02
2012,7,5,28,26,83,1000,6,13,2.03
2012,7,6,29,26,83,1000,6,13,0
2012,7,7,29,26,82,998,6,13,2.03
2012,7,8,28,25,82,999,5,14,0.51
2012,7,9,28,26,81,1001,6,18,0
2012,7,10,28,25,85,1004,5,14,5.08
2012,7,11,28,25,85,1004,5,11,5.08
2012,7,12,27,26,89,1003,4,8,7.87
2012,7,13,28,26,92,1002,4,10,0
2012,7,14,28,26,90,1001,4,10,2.03
2012,7,15,28,26,90,1003,5,13,0
2012,7,16,27,25,88,1004,5,14,8.89
2012,7,17,27,25,93,1003,3,21,3.05
2012,7,18,27,25,89,1000,4,11,3.05
2012,7,19,28,26,89,998,5,6,2.03
2012,7,20,29,25,80,999,6,8,1.02
2012,7,21,28,25,81,1002,5,18,1.02
2012,7,22,28,26,85,1002,5,16,0
2012,7,23,28,26,91,999,5,14,71.88
2012,7,24,27,26,92,999,4,13,8.89
2012,7,25,28,25,81,999,6,11,3.05
2012,7,26,28,26,88,999,5,14,2.03
2012,7,27,27,25,91,999,4,18,7.11
2012,7,28,27,23,87,1000,4,13,30.99
2012,7,29,27,25,93,1000,4,11,13.97
2012,7,30,27,25,91,1000,5,16,4.06
2012,7,31,27,25,91,999,5,14,2.03
2012,8,1,27,25,87,999,5,14,9.91
2012,8,2,28,26,86,998,5,11,0
2012,8,3,30,26,83,997,5,8,5.08
2012,8,4,29,26,81,998,6,16,2.03
2012,8,5,28,25,84,1000,6,14,0
2012,8,6,28,24,83,1002,5,16,0
2012,8,7,28,26,89,1002,5,11,0.25
2012,8,8,28,26,88,1001,5,6,0
2012,8,9,28,26,83,999,6,11,0
2012,8,10,28,25,81,1000,5,10,0
2012,8,11,28,25,85,1003,5,13,2.03
2012,8,12,26,24,92,1003,3,11,3.05
2012,8,13,27,25,91,1002,5,6,13.97
2012,8,14,28,26,89,1002,5,10,1.02
2012,8,15,28,26,86,1002,5,8,1.02
2012,8,16,29,26,82,1000,5,8,0
2012,8,17,29,26,82,1000,5,11,0
2012,8,18,29,26,81,1000,6,11,0
2012,8,19,29,26,86,1003,5,13,0
2012,8,20,28,26,91,1004,5,11,2.03
2012,8,21,28,26,85,1005,5,13,1.02
2012,8,22,29,26,82,1006,5,11,0
2012,8,23,29,26,83,1004,5,8,4.06
2012,8,24,29,26,82,1002,5,6,0
2012,8,25,29,27,85,1003,5,6,0
2012,8,26,29,26,83,1003,5,10,3.05
2012,8,27,29,26,83,1003,5,11,0.76
2012,8,28,29,26,85,1003,5,6,5.08
2012,8,29,29,26,85,1004,5,2,0.25
2012,8,30,29,26,81,1005,6,10,0
2012,8,31,28,26,80,1004,5,11,0
2012,9,1,29,26,83,1002,6,8,0
2012,9,2,29,26,82,1002,6,8,50.04
2012,9,3,28,26,84,1003,6,10,2.03
2012,9,4,27,24,87,1005,5,11,4.06
2012,9,5,28,25,84,1007,6,8,1.02
2012,9,6,28,26,86,1007,5,5,0
2012,9,7,29,27,83,1004,5,8,0
2012,9,8,28,27,87,1003,5,5,4.06
2012,9,9,28,26,84,1005,5,6,0.51
2012,9,10,29,25,80,1005,6,11,0.51
2012,9,11,27,26,90,1005,5,14,0.51
2012,9,12,28,26,91,1005,5,14,7.11
2012,9,13,27,26,90,1005,5,14,0
2012,9,14,28,26,85,1003,6,11,0
2012,9,15,28,26,81,1001,6,11,0
2012,9,16,29,26,81,1004,5,13,0
2012,9,17,29,26,82,1006,6,11,0
2012,9,18,28,26,83,1007,5,13,0
2012,9,19,28,26,81,1006,5,11,0
2012,9,20,28,26,83,1007,5,11,0.25
2012,9,21,28,26,80,1007,5,10,0
2012,9,22,28,26,82,1007,5,8,0.51
2012,9,23,28,26,84,1005,5,8,0
2012,9,24,28,27,85,1004,5,6,13.97
2012,9,25,29,26,86,1005,5,3,5.08
2012,9,26,29,26,85,1007,5,5,0.76
2012,9,27,29,26,80,1008,5,5,0
2012,9,28,30,27,84,1007,5,5,0
2012,9,29,29,26,82,1008,5,5,0
2012,9,30,28,26,89,1009,5,3,0
2012,10,1,29,26,84,1009,5,3,0
2012,10,2,28,25,90,1009,5,8,0
2012,10,3,26,25,94,1007,4,8,0
2012,10,4,28,25,92,1005,4,10,0
2012,10,5,24,24,96,1006,3,6,0
2012,10,6,28,25,83,1008,6,5,0
2012,10,7,29,26,81,1008,6,3,0
2012,10,8,29,25,83,1008,5,5,0
2012,10,9,28,25,82,1007,5,3,0
2012,10,10,27,25,89,1007,5,5,0
2012,10,11,26,24,93,1006,5,18,0
2012,10,12,27,25,87,1009,5,6,0
2012,10,13,28,25,85,1010,5,6,0
2012,10,14,28,25,83,1010,5,6,0
2012,10,15,28,25,85,1011,4,8,0
2012,10,16,28,26,84,1011,4,5,0
2012,10,17,29,26,83,1010,4,3,0
2012,10,18,29,26,82,1011,4,3,0
2012,10,19,29,26,83,1011,4,2,0
2012,10,20,29,26,82,1011,4,2,0
2012,10,21,28,25,79,1012,4,5,0
2012,10,22,29,24,78,1011,5,6,0
2012,10,23,28,24,82,1010,4,5,0
2012,10,24,27,23,74,1009,4,5,0
2012,10,25,27,21,70,1009,5,6,0
2012,10,26,26,19,68,1010,5,8,0
2012,10,27,24,19,69,1009,5,5,0
2012,10,28,26,22,73,1009,5,8,0
2012,10,29,27,23,76,1009,5,8,0
2012,10,30,28,24,81,1009,4,3,0
2012,10,31,27,25,81,1010,4,3,0
2012,11,1,28,24,79,1010,4,2,0
2012,11,2,28,24,78,1010,4,3,0
2012,11,3,27,23,83,1010,4,6,0
2012,11,4,25,22,84,1010,6,13,0
2012,11,5,26,23,80,1009,5,2,0
2012,11,6,28,24,82,1010,5,6,0
2012,11,7,26,24,89,1009,5,2,0.25
2012,11,8,26,23,83,1009,4,2,0.25
2012,11,9,26,19,66,1010,5,10,0
2012,11,10,23,17,63,1011,4,8,0
2012,11,11,23,19,77,1011,4,3,0
2012,11,12,23,18,71,1011,4,3,0
2012,11,13,24,17,68,1012,4,3,0
2012,11,14,23,18,70,1010,5,6,0
2012,11,15,23,19,75,1011,4,5,0
2012,11,16,26,22,82,1011,5,6,0
2012,11,17,26,23,81,1010,5,6,0
2012,11,18,28,23,79,1010,5,6,0
2012,11,19,27,23,77,1010,5,5,0
2012,11,20,27,24,85,1011,5,5,0
2012,11,21,27,23,80,1011,5,5,0
2012,11,22,25,17,58,1011,5,14,0
2012,11,23,22,15,63,1011,5,10,0
2012,11,24,23,15,61,1010,4,6,0
2012,11,25,21,15,65,1012,4,6,0
2012,11,26,21,15,66,1011,3,6,0
2012,11,27,21,13,61,1011,5,6,0
2012,11,28,21,14,63,1012,5,8,0
2012,11,29,21,16,76,1009,4,3,0
2012,11,30,21,17,75,1009,4,5,0
2012,12,1,22,17,71,1011,4,8,0
2012,12,2,22,16,68,1012,5,8,0
2012,12,3,21,17,76,1012,5,5,0
2012,12,4,21,18,75,1011,5,8,0
2012,12,5,21,17,75,1012,4,3,0
2012,12,6,21,17,75,1012,3,3,0
2012,12,7,21,16,71,1011,3,3,0
2012,12,8,20,16,72,1011,3,2,0
2012,12,9,20,17,78,1010,2,2,0
2012,12,10,20,17,84,1011,2,2,0
2012,12,11,21,17,78,1012,2,3,0
2012,12,12,21,17,81,1012,4,2,0
2012,12,13,21,18,80,1013,4,3,0
2012,12,14,23,18,73,1015,5,10,0
2012,12,15,22,18,71,1014,4,8,0
2012,12,16,21,16,64,1015,5,13,0
2012,12,17,20,17,72,1013,3,8,0
2012,12,18,21,16,71,1013,3,8,0
2012,12,19,19,17,87,1012,4,6,0
2012,12,20,19,15,76,1012,2,5,0
2012,12,21,19,13,67,1013,4,11,0
2012,12,22,18,13,67,1012,4,11,0
2012,12,23,18,14,83,1013,4,13,0
2012,12,24,19,16,81,1012,4,8,0
2012,12,25,16,15,91,1012,1,6,0
2012,12,26,17,13,75,1013,4,10,0
2012,12,27,17,13,78,1011,3,10,0
2012,12,28,16,13,85,1011,3,5,0
2012,12,29,19,12,87,1011,2,5,0
2012,12,30,16,12,73,1011,4,8,0
2012,12,31,18,12,68,1011,4,10,0
2013,1,1,18,13,68,1012,4,6,0
2013,1,2,18,13,73,1012,4,3,0
2013,1,3,19,15,80,1013,4,3,0
2013,1,4,20,15,75,1012,3,5,0
2013,1,5,20,14,70,1011,4,6,0
2013,1,6,20,13,64,1012,4,8,0
2013,1,7,20,13,65,1012,4,8,0
2013,1,8,18,12,67,1014,3,10,0
2013,1,9,13,8,65,1014,3,11,0
2013,1,10,14,10,74,1013,2,6,0
2013,1,11,14,9,71,1014,3,3,0
2013,1,12,14,12,80,1014,2,3,0
2013,1,13,17,11,70,1012,3,3,0
2013,1,14,18,13,75,1012,2,3,0
2013,1,15,19,14,73,1014,3,3,0
2013,1,16,19,13,70,1015,4,5,0
2013,1,17,20,13,61,1015,4,6,0
2013,1,18,22,14,67,1015,4,8,0
2013,1,19,21,16,64,1014,4,3,0
2013,1,20,22,16,63,1014,4,8,0
2013,1,21,21,16,67,1016,4,10,0
2013,1,22,20,13,59,1016,5,13,0
2013,1,23,21,13,62,1015,5,10,0
2013,1,24,19,13,64,1014,4,8,0
2013,1,25,20,12,59,1015,4,13,0
2013,1,26,18,11,61,1015,4,13,0
2013,1,27,17,11,63,1015,4,10,0
2013,1,28,19,12,63,1014,3,6,0
2013,1,29,19,14,75,1013,4,5,0
2013,1,30,19,14,72,1014,3,6,0
2013,1,31,20,14,68,1015,3,6,0
2013,2,1,20,16,75,1015,3,5,0
2013,2,2,22,16,72,1014,4,2,0
2013,2,3,21,16,73,1013,3,3,0
2013,2,4,22,16,70,1015,3,5,0
2013,2,5,21,16,66,1015,4,6,0
2013,2,6,23,15,61,1013,5,6,0
2013,2,7,23,15,56,1011,5,6,0
2013,2,8,23,17,64,1011,5,13,0
2013,2,9,24,15,56,1012,5,16,0
2013,2,10,22,12,49,1011,5,14,0
2013,2,11,23,13,52,1011,5,11,0
2013,2,12,22,15,59,1011,5,8,0
2013,2,13,22,17,73,1011,3,5,0
2013,2,14,24,16,57,1011,4,11,0
2013,2,15,24,9,41,1011,5,13,0
2013,2,16,24,11,42,1009,5,11,0
2013,2,17,24,17,66,1009,4,14,0.25
2013,2,18,21,17,76,1011,5,11,0
2013,2,19,21,15,66,1012,4,14,0
2013,2,20,21,15,61,1011,5,14,0
2013,2,21,23,14,56,1012,5,14,0
2013,2,22,24,16,60,1012,5,6,0
2013,2,23,23,17,63,1012,4,6,0
2013,2,24,24,17,62,1012,4,6,0
2013,2,25,25,17,56,1012,5,8,0
2013,2,26,26,15,48,1012,5,18,0
2013,2,27,26,16,55,1011,6,16,0
2013,2,28,26,16,53,1009,5,8,0
2013,3,1,26,13,47,1010,5,11,0
2013,3,2,24,14,50,1012,5,13,0
2013,3,3,26,16,57,1012,5,6,0
2013,3,4,24,17,57,1012,5,8,0
2013,3,5,24,17,66,1013,5,5,0
2013,3,6,25,17,59,1013,5,6,0
2013,3,7,24,19,69,1013,4,6,0
2013,3,8,24,18,65,1012,4,6,0
2013,3,9,24,19,70,1010,4,5,0
2013,3,10,26,21,79,1009,3,5,0
2013,3,11,24,22,81,1010,4,5,0
2013,3,12,26,23,84,1010,5,11,0
2013,3,13,26,23,84,1011,5,3,0
2013,3,14,27,23,81,1012,4,6,0
2013,3,15,27,23,80,1012,3,3,0
2013,3,16,27,22,73,1013,3,5,0
2013,3,17,26,22,79,1011,4,8,0
2013,3,18,26,18,63,1009,5,10,0
2013,3,19,26,21,75,1010,5,6,0
2013,3,20,25,22,77,1010,5,5,0
2013,3,21,26,23,80,1008,4,5,0
2013,3,22,27,24,83,1007,4,10,0
2013,3,23,26,23,82,1009,5,5,3.05
2013,3,24,27,24,78,1009,5,6,0
2013,3,25,27,24,83,1007,5,6,0
2013,3,26,27,24,83,1007,5,13,0
2013,3,27,28,25,83,1007,5,10,0
2013,3,28,27,24,82,1008,5,6,0
2013,3,29,28,24,79,1008,5,5,0
2013,3,30,28,22,74,1007,4,2,0
2013,3,31,27,24,80,1008,5,6,0
2013,4,1,28,25,80,1008,5,8,0
2013,4,2,29,24,77,1009,6,8,0
2013,4,3,29,25,79,1007,4,6,0
2013,4,4,28,26,82,1004,5,11,0
2013,4,5,30,24,71,1004,5,11,0
2013,4,6,29,25,79,1005,5,10,0
2013,4,7,28,24,76,1005,5,8,0
2013,4,8,28,24,79,1006,5,8,0
2013,4,9,28,24,79,1007,5,8,0
2013,4,10,28,24,79,1007,5,13,0
2013,4,11,28,24,79,1007,5,13,0
2013,4,12,28,24,77,1009,5,11,0
2013,4,13,28,25,79,1009,6,10,0
2013,4,14,28,25,80,1008,6,8,0
2013,4,15,29,24,71,1006,6,10,0
2013,4,16,26,22,80,1005,5,13,24.89
2013,4,17,26,21,73,1005,6,10,11.94
2013,4,18,26,22,74,1006,6,8,0
2013,4,19,28,22,67,1006,6,5,0
2013,4,20,29,23,70,1007,6,16,0
2013,4,21,28,22,68,1008,5,5,0
2013,4,22,28,21,65,1009,5,14,0
2013,4,23,27,20,61,1010,6,8,0
2013,4,24,28,22,63,1009,5,11,0
2013,4,25,29,23,67,1009,5,13,0
2013,4,26,29,26,78,1008,6,10,0
2013,4,27,29,26,80,1007,5,10,0
2013,4,28,26,24,79,1006,6,11,7.11
2013,4,29,28,26,82,1007,6,8,0
2013,4,30,29,26,78,1007,6,13,0
2013,5,1,29,26,78,1004,6,14,0
2013,5,2,30,26,79,1003,6,14,0
2013,5,3,30,25,76,1003,6,18,4.06
2013,5,4,24,23,91,1006,5,16,151.89
2013,5,5,25,21,88,1008,5,13,0
2013,5,6,25,22,92,1007,4,8,97.03
2013,5,7,26,23,84,1006,5,8,20.07
2013,5,8,27,24,84,1005,5,14,27.94
2013,5,9,28,24,81,1005,5,14,0
2013,5,10,28,26,84,1005,6,11,40.89
2013,5,11,28,26,82,1004,6,11,1.02
2013,5,12,29,27,86,1006,6,8,0
2013,5,13,29,25,75,1005,6,8,0
2013,5,14,27,24,85,1004,5,5,35.05
2013,5,15,28,25,90,1002,5,6,12.95
2013,5,16,27,24,90,999,4,21,0
2013,5,17,28,26,83,1006,6,8,0
2013,5,18,30,27,82,1006,6,14,0
2013,5,19,29,26,80,1005,6,13,0
2013,5,20,29,26,81,1004,6,11,12.95
2013,5,21,26,24,90,1003,5,11,3.05
2013,5,22,24,24,93,1003,4,10,1.02
2013,5,23,27,25,88,1002,6,10,0.51
2013,5,24,26,24,90,1002,5,10,18.03
2013,5,25,25,24,92,1002,5,8,3.05
2013,5,26,28,25,83,1002,5,5,0.25
2013,5,27,29,26,82,1002,5,5,0.51
2013,5,28,29,26,81,1001,5,6,2.03
2013,5,29,28,25,85,1001,5,13,5.08
2013,5,30,28,24,81,1002,6,19,5.08
2013,5,31,27,24,88,1005,5,13,7.11
2013,6,1,28,26,80,1005,6,6,0
2013,6,2,29,26,78,1003,6,6,0
2013,6,3,29,26,87,1002,5,3,3.05
2013,6,4,29,26,77,1003,6,3,0
2013,6,5,29,26,78,1003,6,6,0
2013,6,6,29,25,78,1003,6,10,0
2013,6,7,28,26,84,1003,5,13,0
2013,6,8,29,25,76,1001,6,11,2.03
2013,6,9,27,25,88,1000,5,10,0.51
2013,6,10,29,26,81,999,6,8,9.91
2013,6,11,29,26,85,1000,5,6,0
2013,6,12,29,26,84,1000,5,3,19.05
2013,6,13,29,25,78,1000,5,6,1.02
2013,6,14,29,25,80,1000,6,11,0
2013,6,15,30,26,78,1001,6,8,0
2013,6,16,30,26,79,1002,6,6,4.06
2013,6,17,29,25,74,1001,6,6,0
2013,6,18,30,26,77,999,6,6,0
2013,6,19,31,27,77,999,6,10,0
2013,6,20,31,26,77,999,6,8,0
2013,6,21,30,26,79,998,5,6,0
2013,6,22,29,26,78,998,6,6,2.03
2013,6,23,31,26,74,997,6,8,0
2013,6,24,30,26,75,999,6,13,0
2013,6,25,27,26,90,1003,5,18,25.91
2013,6,26,29,27,91,1004,5,14,19.05
2013,6,27,27,26,98,1002,4,13,26.92
2013,6,28,27,26,97,1001,4,11,7.87
2013,6,29,27,26,97,999,4,10,23.88
2013,6,30,27,26,96,1000,5,8,7.87
2013,7,1,29,26,87,999,6,8,0
2013,7,2,29,26,81,999,6,11,0
2013,7,3,29,26,84,1001,6,11,4.06
2013,7,4,28,26,87,1002,5,8,2.03
2013,7,5,28,26,82,1003,6,11,0
2013,7,6,28,26,81,1004,6,10,0
2013,7,7,29,26,80,1004,6,8,0
2013,7,8,29,26,79,1003,6,10,0
2013,7,9,29,26,81,1001,6,11,0
2013,7,10,29,26,77,999,6,13,0
2013,7,11,29,25,78,1001,5,13,1.02
2013,7,12,28,24,81,1003,5,11,0.25
2013,7,13,28,25,88,1003,5,13,0
2013,7,14,28,25,78,1000,7,14,0
2013,7,15,29,26,79,1000,6,11,0
2013,7,16,30,26,79,1001,6,10,1.02
2013,7,17,29,25,79,1002,6,19,0.51
2013,7,18,28,25,85,999,5,13,2.03
2013,7,19,28,26,85,999,6,13,4.06
2013,7,20,28,26,84,1000,6,13,3.05
2013,7,21,28,25,80,998,6,8,0
2013,7,22,30,26,76,998,6,5,0
2013,7,23,30,26,79,999,6,8,0
2013,7,24,29,26,79,999,7,11,0
2013,7,25,29,25,82,996,6,16,18.03
2013,7,26,27,25,88,998,4,14,25.91
2013,7,27,27,26,92,1002,4,11,17.02
2013,7,28,27,25,94,1002,4,5,16
2013,7,29,27,25,86,998,5,14,2.03
2013,7,30,29,26,80,996,5,14,1.02
2013,7,31,28,25,84,999,5,14,4.06
2013,8,1,28,25,81,1001,6,11,0
2013,8,2,29,26,80,1002,6,10,0
2013,8,3,29,25,80,1002,6,6,0
2013,8,4,29,25,78,1001,6,8,1.02
2013,8,5,29,25,77,1003,6,8,0
2013,8,6,28,26,86,1004,5,14,2.03
2013,8,7,29,26,82,1005,5,13,2.03
2013,8,8,29,26,81,1004,5,10,0
2013,8,9,29,26,79,1003,6,10,0
2013,8,10,29,26,87,1004,5,8,7.87
2013,8,11,28,26,84,1005,5,8,2.03
2013,8,12,28,26,82,1004,6,6,0
2013,8,13,27,26,91,1003,5,2,0
2013,8,14,29,26,82,1003,6,3,0
2013,8,15,28,26,85,1004,5,6,6.1
2013,8,16,28,26,86,1003,5,10,2.03
2013,8,17,26,25,93,1001,4,11,7.87
2013,8,18,27,25,93,1000,5,10,1.02
2013,8,19,27,25,90,1000,5,11,10.92
2013,8,20,26,25,94,999,4,14,17.02
2013,8,21,28,26,83,1001,5,11,0
2013,8,22,28,25,80,1001,6,8,1.02
2013,8,23,29,26,81,1003,6,11,0
2013,8,24,29,25,77,1001,6,8,0
2013,8,25,28,25,82,1001,5,2,0
2013,8,26,28,25,83,1000,6,5,0
2013,8,27,26,24,90,1002,4,13,7.87
2013,8,28,28,25,90,1006,4,18,8.89
2013,8,29,28,26,87,1006,5,14,5.08
2013,8,30,28,26,86,1005,6,8,7.11
2013,8,31,29,26,83,1005,6,10,2.03
2013,9,1,29,26,81,1005,6,6,0
2013,9,2,28,25,84,1006,5,11,3.05
2013,9,3,28,25,84,1005,6,14,2.03
2013,9,4,27,26,91,1004,4,10,7.11
2013,9,5,28,26,88,1004,5,8,0
2013,9,6,28,26,84,1005,5,6,0
2013,9,7,27,25,89,1007,5,8,6.1
2013,9,8,28,25,85,1008,5,3,2.03
2013,9,9,27,25,88,1008,5,3,11.94
2013,9,10,28,26,82,1006,6,3,0
2013,9,11,28,26,88,1006,5,2,17.02
2013,9,12,29,26,81,1006,6,6,0
2013,9,13,29,26,80,1006,5,6,13.97
2013,9,14,28,25,84,1005,5,6,0.51
2013,9,15,28,25,80,1002,6,6,27.94
2013,9,16,29,26,82,1001,6,5,0
2013,9,17,29,26,83,1001,5,6,18.03
2013,9,18,29,25,79,1001,6,8,0
2013,9,19,29,25,78,1002,6,13,1.02
2013,9,20,29,25,78,1004,6,6,0
2013,9,21,33,26,76,1004,6,6,0
2013,9,22,30,26,79,1002,6,5,0
2013,9,23,30,26,77,1001,6,5,0
2013,9,24,29,26,79,1003,6,5,0
2013,9,25,30,26,78,1006,6,3,0.25
2013,9,26,29,26,83,1006,5,6,3.05
2013,9,27,29,26,85,1005,5,5,4.06
2013,9,28,28,25,85,1004,5,2,0
2013,9,29,28,25,85,1003,5,5,10.92
2013,9,30,28,25,84,1003,5,3,9.91
2013,10,1,28,25,85,1006,5,0,0
2013,10,2,28,25,83,1008,5,3,5.08
2013,10,3,28,24,81,1009,5,5,2.03
2013,10,4,26,24,93,1009,4,6,0
2013,10,5,26,24,92,1007,5,8,0
2013,10,6,26,25,92,1008,5,3,0
2013,10,7,27,24,86,1008,5,2,0
2013,10,8,28,24,83,1008,5,5,4.06
2013,10,9,27,24,80,1009,5,3,0
2013,10,10,29,24,76,1009,5,5,0
2013,10,11,29,25,79,1008,5,3,0
2013,10,12,29,25,80,1008,5,2,0
2013,10,13,29,25,80,1009,6,8,0
2013,10,14,29,25,79,1009,6,6,0
2013,10,15,28,24,79,1009,6,3,0
2013,10,16,28,24,75,1008,6,5,0
2013,10,17,29,25,80,1008,5,5,0
2013,10,18,29,26,79,1009,5,5,0
2013,10,19,30,26,82,1010,5,6,0
2013,10,20,28,25,81,1010,6,6,0.76
2013,10,21,28,24,84,1009,5,8,0
2013,10,22,26,24,93,1011,5,3,4.06
2013,10,23,27,24,86,1012,5,6,0.25
2013,10,24,28,24,80,1010,5,5,0
2013,10,25,27,24,91,1011,4,3,7.11
2013,10,26,23,23,95,1011,3,6,30.99
2013,10,27,23,22,93,1007,5,11,0
2013,10,28,26,23,83,1009,4,3,0
2013,10,29,26,23,84,1011,4,2,0
2013,10,30,26,24,83,1012,4,5,0
2013,10,31,26,23,82,1013,4,3,0
2013,11,1,26,23,86,1012,4,3,0
2013,11,2,24,21,79,1012,3,3,0
2013,11,3,24,21,76,1013,3,6,0
2013,11,4,27,21,74,1014,4,6,0
2013,11,5,26,22,79,1014,4,3,0
2013,11,6,24,21,80,1014,4,3,0
2013,11,7,24,21,74,1012,5,3,0
2013,11,8,24,20,73,1011,5,5,0
2013,11,9,24,21,76,1010,5,5,0
2013,11,10,24,21,79,1009,4,5,0
2013,11,11,24,20,73,1008,5,8,0
2013,11,12,24,21,76,1009,4,6,0
2013,11,13,25,21,73,1009,5,8,0
2013,11,14,24,21,72,1010,5,10,0
2013,11,15,26,22,80,1011,4,3,0
2013,11,16,26,21,74,1012,5,6,0
2013,11,17,24,19,68,1011,5,8,0
2013,11,18,26,21,76,1012,5,6,0
2013,11,19,24,19,70,1012,5,6,0
2013,11,20,23,18,72,1011,4,5,0
2013,11,21,22,19,77,1011,4,5,0
2013,11,22,24,17,65,1011,5,8,0
2013,11,23,23,18,67,1012,5,6,0
2013,11,24,22,16,67,1012,5,5,0
2013,11,25,22,17,69,1009,5,3,0
2013,11,26,22,17,75,1009,4,5,0
2013,11,27,23,19,75,1011,5,2,0
2013,11,28,26,22,75,1013,5,5,0
2013,11,29,27,20,69,1013,5,5,0
2013,11,30,24,19,73,1012,4,6,0
2013,12,1,24,18,69,1012,4,6,0
2013,12,2,23,19,73,1012,4,5,0
2013,12,3,23,21,77,1012,4,5,0
2013,12,4,24,21,80,1012,4,2,0
2013,12,5,24,19,75,1010,4,3,0
2013,12,6,23,18,72,1010,4,3,0
2013,12,7,22,19,75,1011,4,2,0
2013,12,8,23,19,77,1010,4,3,0
2013,12,9,24,19,74,1010,4,2,0
2013,12,10,24,19,73,1009,5,5,0
2013,12,11,23,18,71,1010,5,5,0
2013,12,12,22,18,74,1010,5,6,0
2013,12,13,21,17,73,1010,2,5,0
2013,12,14,20,16,76,1010,3,5,0
2013,12,15,20,15,70,1011,2,8,0
2013,12,16,21,13,57,1013,4,10,0
2013,12,17,19,14,69,1012,4,3,0
2013,12,18,19,14,70,1011,4,2,0
2013,12,19,19,15,75,1013,4,0,0
2013,12,20,19,16,74,1014,4,2,0
2013,12,21,19,16,75,1016,4,3,0
2013,12,22,20,15,67,1016,4,5,0
2013,12,23,20,15,72,1016,3,2,0
2013,12,24,21,17,73,1016,4,3,0
2013,12,25,19,15,70,1015,3,6,0
2013,12,26,19,16,79,1015,2,6,0
2013,12,27,19,16,83,1015,2,5,0
2013,12,28,19,15,84,1015,1,5,0
2013,12,29,18,14,75,1014,2,8,0
2013,12,30,20,14,71,1016,3,10,0
2013,12,31,18,12,63,1016,4,8,0
2014,1,1,19,13,62,1014,3,8,0
2014,1,2,20,14,63,1015,3,8,0
2014,1,3,21,14,64,1015,4,10,0
2014,1,4,20,14,67,1013,3,16,0
2014,1,5,19,14,71,1011,2,10,0
2014,1,6,18,13,64,1013,3,8,0
2014,1,7,20,13,61,1014,3,8,0
2014,1,8,19,10,53,1015,3,13,0
2014,1,9,19,12,63,1013,3,8,0
2014,1,10,17,12,67,1014,4,6,0
2014,1,11,19,14,69,1015,3,5,0
2014,1,12,18,14,70,1016,5,3,0
2014,1,13,20,13,63,1015,3,11,0
2014,1,14,18,14,72,1014,2,5,0
2014,1,15,19,16,84,1016,1,5,0
2014,1,16,18,14,80,1016,1,3,0
2014,1,17,18,14,81,1016,2,6,0
2014,1,18,20,17,77,1017,2,2,0
2014,1,19,20,16,70,1018,4,5,0
2014,1,20,22,14,60,1018,4,13,0
2014,1,21,20,16,74,1017,3,8,0
2014,1,22,23,15,68,1017,3,6,0
2014,1,23,22,14,59,1015,4,2,0
2014,1,24,22,16,64,1014,3,6,0
2014,1,25,22,14,54,1013,4,14,0
2014,1,26,21,14,58,1014,4,19,0
2014,1,27,21,13,59,1014,4,16,0
2014,1,28,18,14,72,1014,2,11,0
2014,1,29,20,15,73,1015,3,8,0
2014,1,30,21,15,66,1015,4,8,0
2014,1,31,21,16,68,1015,3,6,0
2014,2,1,21,17,72,1014,3,11,0
2014,2,2,22,17,68,1011,3,13,0
2014,2,3,22,16,66,1009,4,8,0
2014,2,4,21,14,65,1009,4,10,0
2014,2,5,22,14,63,1009,3,6,0
2014,2,6,23,15,59,1009,3,3,0
2014,2,7,23,14,55,1009,4,5,0
2014,2,8,21,18,74,1008,4,3,0
2014,2,9,22,19,79,1008,4,8,0
2014,2,10,25,20,78,1009,4,6,0
2014,2,11,24,22,82,1008,3,5,0
2014,2,12,24,18,71,1009,2,6,0
2014,2,13,25,13,48,1013,5,8,0
2014,2,14,23,12,52,1012,4,5,0
2014,2,15,21,14,56,1011,4,6,0
2014,2,16,21,17,78,1012,3,3,13.97
2014,2,17,18,18,89,1013,3,5,0
2014,2,18,19,11,58,1016,4,13,0
2014,2,19,19,13,63,1013,4,8,0
2014,2,20,22,14,56,1013,4,5,0
2014,2,21,22,15,64,1014,3,5,0
2014,2,22,22,13,56,1015,4,8,0
2014,2,23,22,16,61,1015,3,10,0
2014,2,24,24,16,53,1015,4,13,0
2014,2,25,25,14,48,1014,4,19,0
2014,2,26,26,14,47,1013,4,19,0
2014,2,27,23,15,52,1013,4,8,0
2014,2,28,23,16,52,1014,4,14,0
2014,3,1,24,16,52,1013,4,16,0
2014,3,2,24,15,48,1012,5,16,0
2014,3,3,24,15,44,1013,4,16,0
2014,3,4,23,16,56,1013,4,13,0
2014,3,5,24,15,53,1013,4,13,0
2014,3,6,23,12,42,1013,5,14,0
2014,3,7,25,13,46,1014,5,11,0
2014,3,8,23,12,42,1014,5,16,0
2014,3,9,24,12,39,1013,5,13,0
2014,3,10,23,14,50,1013,4,6,0
2014,3,11,24,15,52,1014,4,8,0
2014,3,12,24,17,55,1013,4,5,0
2014,3,13,24,19,62,1012,3,5,0
2014,3,14,27,17,52,1012,5,14,0
2014,3,15,28,17,55,1013,5,10,0
2014,3,16,24,16,51,1014,5,8,0
2014,3,17,25,18,56,1012,4,5,0
2014,3,18,25,22,77,1012,4,5,0
2014,3,19,27,21,73,1011,5,6,0
2014,3,20,25,22,74,1010,5,6,1.02
2014,3,21,27,23,82,1008,4,5,0
2014,3,22,27,24,85,1008,4,6,0
2014,3,23,24,19,69,1011,5,14,0
2014,3,24,27,22,74,1011,5,6,7.87
2014,3,25,26,22,74,1011,6,11,1.02
2014,3,26,27,23,78,1010,5,5,0
2014,3,27,27,24,83,1009,5,3,0
2014,3,28,27,25,85,1009,4,6,0
2014,3,29,27,25,83,1007,5,5,0
2014,3,30,28,25,85,1006,4,8,0
2014,3,31,28,26,82,1006,4,11,0
2014,4,1,28,26,85,1006,4,11,0
2014,4,2,28,26,82,1006,4,10,0
2014,4,3,28,25,80,1008,5,6,0
2014,4,4,26,19,64,1008,5,8,10.92
2014,4,5,27,24,78,1009,5,6,0
2014,4,6,28,24,81,1010,5,8,7.11
2014,4,7,26,25,82,1009,5,13,0
2014,4,8,28,25,81,1008,5,13,0
2014,4,9,28,26,83,1009,5,13,2.03
2014,4,10,29,25,76,1009,6,5,0
2014,4,11,29,26,82,1009,5,5,0
2014,4,12,29,23,71,1009,5,10,0
2014,4,13,30,23,65,1009,5,6,0
2014,4,14,30,23,64,1009,5,10,0
2014,4,15,29,23,64,1008,5,10,0
2014,4,16,29,26,76,1007,4,6,0
2014,4,17,28,26,81,1007,5,6,0
2014,4,18,28,26,80,1009,4,6,0
2014,4,19,30,26,74,1007,5,6,0
2014,4,20,31,24,63,1006,5,6,0
2014,4,21,32,21,45,1007,5,8,0
2014,4,22,32,18,42,1008,5,11,0
2014,4,23,31,23,58,1007,6,6,0
2014,4,24,30,27,76,1006,5,6,0
2014,4,25,30,27,78,1007,5,8,0
2014,4,26,30,26,74,1007,5,8,0
2014,4,27,30,26,74,1008,5,10,0
2014,4,28,28,24,67,1008,6,10,2.03
2014,4,29,30,27,77,1007,6,13,0
2014,4,30,28,24,69,1008,6,14,13.97
2014,5,1,29,26,75,1006,5,11,0
2014,5,2,27,24,75,1008,5,11,7.87
2014,5,3,28,24,69,1008,5,10,10.92
2014,5,4,28,22,69,1007,6,8,0
2014,5,5,28,23,72,1008,6,6,0.25
2014,5,6,29,25,76,1009,5,5,0
2014,5,7,30,26,75,1008,5,10,0
2014,5,8,28,24,74,1006,5,14,1.02
2014,5,9,29,27,80,1004,5,23,0.51
2014,5,10,30,27,79,1005,5,23,0
2014,5,11,27,26,90,1006,4,14,0
2014,5,12,28,26,82,1006,6,14,0
2014,5,13,30,27,79,1006,6,10,0
2014,5,14,30,27,80,1005,5,13,0
2014,5,15,30,27,81,1003,5,14,2.03
2014,5,16,29,27,81,1004,6,10,2.03
2014,5,17,30,27,76,1006,5,10,0
2014,5,18,39,27,74,1006,5,8,0
2014,5,19,31,27,76,1006,5,10,0
2014,5,20,30,26,73,1005,5,10,0
2014,5,21,30,26,76,1003,5,10,0
2014,5,22,31,26,72,1002,6,11,0
2014,5,23,31,26,71,1003,6,10,0
2014,5,24,29,26,80,1006,6,11,0
2014,5,25,29,26,75,1007,6,13,1.02
2014,5,26,29,26,75,1008,6,11,1.02
2014,5,27,30,26,74,1007,6,11,0
2014,5,28,29,26,77,1006,6,13,1.02
2014,5,29,28,26,79,1006,6,10,3.05
2014,5,30,30,25,75,1004,6,11,0
2014,5,31,29,26,75,1003,6,11,0
2014,6,1,28,26,77,1005,6,13,0.51
2014,6,2,27,26,83,1005,5,8,21.08
2014,6,3,28,26,82,1004,5,11,12.95
2014,6,4,28,26,85,1003,5,8,102.11
2014,6,5,29,26,79,1002,5,10,4.06
2014,6,6,29,26,78,1001,6,8,0
2014,6,7,29,26,74,1000,6,11,0
2014,6,8,30,27,77,999,7,13,0
2014,6,9,30,26,76,999,6,13,0
2014,6,10,30,27,77,1000,6,11,0
2014,6,11,30,26,80,999,6,10,0
2014,6,12,29,27,77,998,6,10,0
2014,6,13,31,26,85,997,5,8,58.93
2014,6,14,29,26,77,998,6,6,14.99
2014,6,15,28,26,83,999,5,10,0
2014,6,16,27,26,88,999,5,5,0.25
2014,6,17,28,27,80,998,6,8,26.92
2014,6,18,28,26,84,998,5,10,12.95
2014,6,19,27,26,91,996,4,13,21.08
2014,6,20,27,26,93,997,4,16,0.76
2014,6,21,27,26,94,999,3,19,21.08
2014,6,22,26,24,96,1002,2,10,54.1
2014,6,23,25,24,94,1001,3,8,104.9
2014,6,24,26,25,87,999,5,3,0.76
2014,6,25,28,26,87,1000,5,11,0
2014,6,26,27,25,87,1002,5,5,3.05
2014,6,27,28,26,83,1005,5,11,3.05
2014,6,28,28,26,82,1004,6,11,0.51
2014,6,29,27,26,95,1002,4,18,38.1
2014,6,30,28,26,77,1000,6,13,1.02
2014,7,1,28,26,80,1001,6,13,3.05
2014,7,2,27,26,90,1001,5,13,20.07
2014,7,3,26,26,90,999,5,14,5.08
2014,7,4,26,26,91,1000,5,13,1.02
2014,7,5,28,26,85,1003,5,10,0
2014,7,6,29,27,84,1005,6,6,0
2014,7,7,29,27,82,1003,6,6,1.02
2014,7,8,29,26,81,1001,6,10,0
2014,7,9,29,27,82,1000,6,10,0
2014,7,10,29,26,75,999,6,8,0
2014,7,11,29,26,80,999,6,5,8.89
2014,7,12,30,26,76,998,6,6,0
2014,7,13,30,26,77,1000,5,10,3.05
2014,7,14,30,26,76,1000,6,11,3.05
2014,7,15,29,25,79,1000,5,14,4.06
2014,7,16,28,26,87,1002,5,16,23.11
2014,7,17,27,26,87,1001,5,13,1.02
2014,7,18,28,26,82,999,5,16,1.02
2014,7,19,28,26,83,997,6,11,0.51
2014,7,20,28,26,86,996,5,16,11.94
2014,7,21,26,25,93,999,4,16,18.03
2014,7,22,27,26,90,1001,5,11,0
2014,7,23,28,26,85,1001,5,8,11.94
2014,7,24,28,26,84,1001,6,8,4.06
2014,7,25,29,26,79,1001,6,8,0
2014,7,26,29,26,80,1002,6,5,0.51
2014,7,27,28,26,80,1003,5,6,0
2014,7,28,29,25,79,1001,6,11,0
2014,7,29,29,25,79,1000,6,13,0
2014,7,30,29,26,76,1001,6,13,0
2014,7,31,29,26,81,1002,6,8,0
2014,8,1,29,26,83,1001,6,10,2.03
2014,8,2,29,26,84,998,6,11,2.03
2014,8,3,28,26,83,997,6,13,1.02
2014,8,4,26,26,92,998,4,13,36.07
2014,8,5,27,26,89,1001,5,11,11.94
2014,8,6,28,26,88,1001,5,8,0
2014,8,7,28,26,84,1000,6,6,0
2014,8,8,29,26,80,1000,6,18,0
2014,8,9,29,26,80,1002,5,16,0.25
2014,8,10,28,26,82,1004,6,13,0.25
2014,8,11,28,26,81,1004,6,11,1.02
2014,8,12,27,26,89,1003,5,10,3.05
2014,8,13,28,27,90,1002,4,13,19.05
2014,8,14,28,26,87,1003,5,11,30.99
2014,8,15,27,26,93,1004,4,10,38.1
2014,8,16,27,26,91,1004,5,6,23.11
2014,8,17,27,25,91,1005,4,5,0
2014,8,18,28,26,85,1007,5,6,7.11
2014,8,19,27,26,87,1008,5,8,0
2014,8,20,27,26,87,1006,5,8,7.87
2014,8,21,27,25,83,1004,5,11,3.05
2014,8,22,27,25,86,1006,5,11,8.89
2014,8,23,27,25,86,1008,5,10,0
2014,8,24,28,26,84,1007,5,11,3.05
2014,8,25,29,26,81,1006,6,8,0
2014,8,26,28,26,82,1005,6,6,0
2014,8,27,29,26,83,1003,6,3,0
2014,8,28,29,26,80,1004,6,3,0
2014,8,29,30,26,77,1003,6,8,0
2014,8,30,28,26,85,1004,5,6,9.91
2014,8,31,28,24,81,1003,6,11,0
2014,9,1,28,25,82,1004,6,11,0
2014,9,2,28,24,78,1005,6,11,0
2014,9,3,28,26,82,1005,6,8,0
2014,9,4,28,26,85,1003,5,8,0.51
2014,9,5,29,26,80,1002,5,11,0
2014,9,6,28,24,74,1002,6,11,0
2014,9,7,28,24,74,1005,6,11,0
2014,9,8,27,25,82,1006,6,10,0.51
2014,9,9,28,26,80,1005,6,8,0
2014,9,10,29,26,79,1006,6,10,0
2014,9,11,29,26,79,1007,6,8,0
2014,9,12,29,25,80,1006,6,6,0
2014,9,13,28,25,80,1005,6,6,49.02
2014,9,14,29,26,81,1004,6,8,16
2014,9,15,28,26,83,1004,5,6,41.91
2014,9,16,29,26,80,1001,6,5,0.25
2014,9,17,29,26,82,1000,6,6,0
2014,9,18,29,26,84,1004,6,10,0
2014,9,19,28,25,83,1006,6,16,1.02
2014,9,20,27,25,90,1005,5,11,23.11
2014,9,21,28,26,89,1006,4,11,6.1
2014,9,22,28,26,83,1006,5,13,2.03
2014,9,23,26,25,92,1006,4,13,23.11
2014,9,24,27,26,88,1007,5,10,0
2014,9,25,26,26,85,1008,5,10,0
2014,9,26,28,25,82,1009,5,13,5.08
2014,9,27,28,24,81,1010,5,6,5.08
2014,9,28,29,25,78,1010,4,0,0
2014,9,29,29,26,79,1009,4,3,0
2014,9,30,29,26,77,1009,3,0,0
2014,10,1,29,26,82,1009,4,2,0
2014,10,2,28,26,83,1009,4,3,0
2014,10,3,28,26,83,1008,4,3,0
2014,10,4,29,26,84,1008,4,3,0
2014,10,5,29,26,81,1009,4,3,0
2014,10,6,28,26,76,1009,5,3,17.02
2014,10,7,28,25,79,1008,6,8,0
2014,10,8,28,24,75,1008,6,3,0
2014,10,9,30,25,77,1007,5,2,0
2014,10,10,29,25,77,1007,5,3,0
2014,10,11,29,25,84,1007,5,5,20.07
2014,10,12,28,25,81,1009,5,8,0
2014,10,13,28,25,78,1011,6,5,0
2014,10,14,28,25,81,1012,5,3,0
2014,10,15,28,25,79,1012,5,3,39.88
2014,10,16,28,26,83,1011,5,3,0
2014,10,17,29,24,73,1010,5,10,0
2014,10,18,27,23,73,1010,5,8,0
2014,10,19,27,22,70,1010,5,5,0
2014,10,20,27,22,73,1011,4,3,0
2014,10,21,27,22,73,1012,5,3,0
2014,10,22,27,23,75,1012,5,3,0
2014,10,23,28,23,73,1011,4,3,0
2014,10,24,28,23,74,1010,4,3,0
2014,10,25,28,23,77,1010,3,3,0
2014,10,26,28,23,73,1012,4,2,0
2014,10,27,26,22,75,1012,5,8,0
2014,10,28,23,21,78,1011,4,11,5.08
2014,10,29,25,21,75,1010,5,8,0
2014,10,30,27,22,76,1010,5,6,0
2014,10,31,27,23,75,1010,5,5,0
2014,11,1,27,22,71,1010,5,6,0
2014,11,2,27,22,69,1010,5,6,0
2014,11,3,26,22,69,1010,5,11,0
2014,11,4,28,23,70,1009,4,3,0
2014,11,5,28,23,68,1008,5,5,0
2014,11,6,29,23,71,1007,5,5,0
2014,11,7,30,24,74,1009,5,3,0
2014,11,8,29,24,77,1011,5,3,0
2014,11,9,29,24,73,1012,4,3,0
2014,11,10,28,24,74,1011,4,5,0
2014,11,11,28,19,57,1011,4,8,0
2014,11,12,27,18,57,1011,4,3,0
2014,11,13,27,20,65,1013,3,5,0
2014,11,14,26,21,68,1012,3,3,0
2014,11,15,26,18,60,1011,3,6,0
2014,11,16,24,16,57,1012,4,3,0
2014,11,17,24,16,59,1012,4,2,0
2014,11,18,24,18,66,1013,4,3,0
2014,11,19,24,17,62,1013,4,3,0
2014,11,20,24,18,66,1012,3,3,0
2014,11,21,24,18,68,1011,4,2,0
2014,11,22,24,18,67,1011,4,8,0
2014,11,23,24,16,57,1012,3,5,0
2014,11,24,23,16,67,1012,3,3,0
2014,11,25,23,15,63,1011,3,3,0
2014,11,26,23,14,58,1009,3,2,0
2014,11,27,22,16,65,1011,3,3,0
2014,11,28,22,18,73,1011,3,2,0
2014,11,29,22,17,71,1011,3,3,0
2014,11,30,22,18,71,1010,3,3,0
2014,12,1,23,16,63,1010,4,2,0
2014,12,2,22,17,66,1011,4,2,0
2014,12,3,23,17,65,1011,4,3,0
2014,12,4,23,16,63,1012,4,2,0
2014,12,5,23,17,63,1013,4,3,0
2014,12,6,22,18,70,1012,4,3,0
2014,12,7,23,16,64,1012,4,5,0
2014,12,8,21,18,78,1013,2,11,0
2014,12,9,21,17,74,1014,2,3,0
2014,12,10,22,16,73,1013,3,2,0
2014,12,11,22,16,73,1014,2,5,0
2014,12,12,21,17,76,1015,3,10,0
2014,12,13,22,18,77,1015,3,6,0
2014,12,14,23,18,71,1014,4,5,0
2014,12,15,23,18,70,1013,4,5,0
2014,12,16,24,18,70,1014,3,5,0
2014,12,17,23,16,63,1014,3,14,0
2014,12,18,20,14,65,1016,3,16,0
2014,12,19,22,16,72,1016,3,6,0
2014,12,20,22,14,63,1014,3,5,0
2014,12,21,22,14,59,1013,4,2,0
2014,12,22,22,16,59,1013,4,8,0
2014,12,23,22,15,60,1013,3,6,0
2014,12,24,22,17,70,1014,3,5,0
2014,12,25,22,17,64,1013,4,6,0
2014,12,26,22,16,66,1012,3,6,0
2014,12,27,19,16,80,1014,2,10,0
2014,12,28,18,16,82,1014,1,6,0
2014,12,29,21,15,61,1013,3,6,0
2014,12,30,21,14,62,1012,3,8,0
2014,12,31,21,17,78,1014,2,2,0.51
2015,1,1,22,19,82,1014,3,5,0.76
2015,1,2,25,19,73,1014,4,5,0.25
2015,1,3,25,19,63,1013,4,3,0
2015,1,4,24,21,73,1012,4,3,0
2015,1,5,23,18,69,1012,4,14,0
2015,1,6,21,13,54,1012,4,16,0
2015,1,7,20,12,59,1013,3,11,0
2015,1,8,19,13,63,1013,3,10,0
2015,1,9,20,14,70,1013,3,3,0
2015,1,10,19,14,63,1014,3,8,0
2015,1,11,19,14,68,1015,3,10,0
2015,1,12,18,16,77,1014,2,10,0
2015,1,13,21,16,68,1013,3,5,0
2015,1,14,23,14,57,1014,4,5,0
2015,1,15,23,16,62,1014,4,8,0
2015,1,16,21,18,78,1014,4,3,0.51
2015,1,17,22,17,69,1012,3,8,0
2015,1,18,20,16,70,1014,3,13,0
2015,1,19,18,14,81,1016,2,8,0
2015,1,20,18,15,79,1017,2,10,0
2015,1,21,19,17,79,1018,2,6,0
2015,1,22,20,16,77,1017,2,3,0
2015,1,23,19,15,71,1015,2,3,0
2015,1,24,21,14,63,1015,3,8,0
2015,1,25,22,12,46,1017,5,14,0
2015,1,26,21,11,46,1016,4,13,0
2015,1,27,21,13,55,1014,3,8,0
2015,1,28,22,15,57,1013,3,8,0
2015,1,29,23,15,56,1013,3,14,0
2015,1,30,22,14,58,1014,4,18,0
2015,1,31,21,10,49,1016,4,16,0
2015,2,1,19,9,47,1016,4,14,0
2015,2,2,19,11,54,1017,3,8,0
2015,2,3,21,13,57,1018,3,6,0
2015,2,4,22,12,52,1016,4,3,0
2015,2,5,24,13,49,1015,3,5,0
2015,2,6,23,14,58,1015,3,3,0
2015,2,7,20,14,64,1014,3,5,0
2015,2,8,21,13,56,1014,3,10,0
2015,2,9,22,14,57,1015,3,10,0
2015,2,10,22,14,56,1015,3,8,0
2015,2,11,23,12,44,1014,4,14,0
2015,2,12,22,12,50,1012,4,8,0
2015,2,13,21,14,61,1012,3,3,0
2015,2,14,22,16,68,1012,3,3,0
2015,2,15,22,14,53,1012,3,5,0
2015,2,16,22,16,68,1014,3,3,0
2015,2,17,23,16,61,1012,3,8,0
2015,2,18,23,18,71,1012,3,3,0
2015,2,19,23,17,64,1013,3,10,0
2015,2,20,23,17,63,1013,3,6,0
2015,2,21,23,18,69,1012,3,3,0
2015,2,22,26,18,65,1013,3,3,0
2015,2,23,23,19,73,1013,2,5,0
2015,2,24,23,19,74,1012,4,3,0
2015,2,25,24,20,72,1010,3,5,0
2015,2,26,24,21,74,1010,4,5,0
2015,2,27,24,21,78,1011,4,3,0
2015,2,28,24,22,77,1012,3,5,0
2015,3,1,27,22,76,1012,3,10,0
2015,3,2,27,23,81,1012,2,3,0
2015,3,3,27,22,73,1010,3,5,0
2015,3,4,26,19,71,1011,4,11,0
2015,3,5,24,20,75,1012,5,3,0
2015,3,6,24,11,43,1014,6,11,0
2015,3,7,24,9,36,1012,6,14,0
2015,3,8,26,14,47,1011,6,19,0
2015,3,9,26,15,48,1013,5,13,0
2015,3,10,27,13,43,1013,5,14,0
2015,3,11,28,10,34,1014,5,16,0
2015,3,12,26,8,33,1013,6,11,0
2015,3,13,26,14,52,1012,4,5,0
2015,3,14,27,18,58,1013,3,5,0
2015,3,15,27,22,69,1014,4,6,0
2015,3,16,29,14,41,1013,5,13,0
2015,3,17,30,16,45,1010,5,14,0
2015,3,18,28,19,54,1010,4,8,0
2015,3,19,28,17,49,1011,4,10,0
2015,3,20,28,12,36,1012,4,14,0
2015,3,21,27,14,42,1010,4,10,0
2015,3,22,27,17,47,1009,4,11,0
2015,3,23,27,19,60,1008,3,6,0
2015,3,24,27,22,71,1009,3,6,0
2015,3,25,28,22,71,1012,3,6,2.03
2015,3,26,20,21,65,1014,4,10,0
2015,3,27,27,23,74,1014,3,5,0
2015,3,28,27,23,79,1012,3,3,0
2015,3,29,27,23,76,1011,4,5,0
2015,3,30,28,23,72,1010,4,10,0
2015,3,31,27,23,83,1010,4,10,0
2015,4,1,26,22,79,1009,4,6,0
2015,4,2,27,24,75,1007,5,11,0
2015,4,3,25,22,81,1006,4,11,29.97
2015,4,4,27,25,77,1005,5,10,0
2015,4,5,26,23,74,1007,5,13,7.87
2015,4,6,26,23,82,1008,4,6,38.1
2015,4,7,28,23,73,1009,5,5,0.76
2015,4,8,27,20,63,1010,4,18,0
2015,4,9,28,23,73,1009,4,3,0
2015,4,10,29,25,78,1010,5,6,0
2015,4,11,29,24,70,1011,5,6,0
2015,4,12,30,24,73,1012,4,6,0
2015,4,13,30,26,72,1011,4,8,0
2015,4,14,28,23,71,1011,5,3,0
2015,4,15,29,26,78,1010,4,3,0
2015,4,16,31,22,59,1011,4,6,0
2015,4,17,29,23,66,1008,3,2,0
2015,4,18,29,24,67,1007,4,6,0
2015,4,19,27,24,73,1009,5,14,5.08
2015,4,20,28,26,75,1010,5,6,0
2015,4,21,29,26,77,1008,6,13,0
2015,4,22,29,24,73,1008,5,18,0
2015,4,23,28,22,69,1009,5,13,38.1
2015,4,24,26,22,75,1011,5,10,0
2015,4,25,24,22,82,1011,5,3,7.11
2015,4,26,28,23,76,1011,5,6,0
2015,4,27,28,23,73,1010,5,6,0.25
2015,4,28,28,24,75,1010,5,3,0
2015,4,29,28,24,69,1008,5,10,0
2015,4,30,29,23,68,1009,5,8,4.06
2015,5,1,27,24,81,1008,5,6,3.05
2015,5,2,28,26,78,1008,5,10,0
2015,5,3,32,26,72,1009,5,6,0
2015,5,4,29,27,77,1009,5,8,0
2015,5,5,30,26,75,1007,5,6,0
2015,5,6,30,25,67,1006,5,10,0
2015,5,7,30,24,70,1007,5,10,0
2015,5,8,30,23,66,1006,5,11,0
2015,5,9,30,26,75,1005,5,6,0
2015,5,10,30,24,71,1006,5,6,1.02
2015,5,11,29,23,74,1008,5,6,0
2015,5,12,28,24,84,1007,4,6,0
2015,5,13,30,24,69,1007,6,6,0
2015,5,14,30,26,74,1008,5,8,3.05
2015,5,15,31,27,74,1008,5,10,0
2015,5,16,31,26,69,1006,6,10,0
2015,5,17,30,26,75,1005,6,10,0
2015,5,18,29,24,72,1005,5,11,2.03
2015,5,19,29,24,71,1003,6,11,1.02
2015,5,20,30,26,76,1002,5,8,0
2015,5,21,31,26,69,1003,6,10,0
2015,5,22,31,28,79,1003,5,11,0
2015,5,23,30,26,78,1003,4,29,7.87
2015,5,24,25,22,78,1004,5,14,0
2015,5,25,28,24,67,1003,6,10,0
2015,5,26,30,26,74,1005,6,8,0
2015,5,27,31,26,71,1005,6,13,0
2015,5,28,31,26,72,1005,6,13,0
2015,5,29,31,27,74,1005,6,14,0
2015,5,30,31,27,71,1006,6,13,0
2015,5,31,31,27,75,1005,6,11,0
2015,6,1,30,27,72,1005,6,13,7.11
2015,6,2,31,26,70,1006,6,13,0
2015,6,3,31,26,66,1006,6,10,0
2015,6,4,31,26,70,1006,6,8,0
2015,6,5,30,27,77,1006,6,5,23.88
2015,6,6,29,26,83,1005,5,6,4.06
2015,6,7,29,26,81,1005,6,10,0
2015,6,8,30,27,77,1004,6,14,0.51
2015,6,9,30,26,78,1004,6,14,0.25
2015,6,10,31,27,75,1003,6,18,0
2015,6,11,29,25,85,1004,5,13,72.9
2015,6,12,27,24,77,1004,6,8,2.03
2015,6,13,29,25,85,1004,6,11,5.08
2015,6,14,29,26,74,1003,6,8,0
2015,6,15,30,26,82,1003,6,13,16
2015,6,16,28,25,80,1003,6,8,0.25
2015,6,17,29,26,75,1002,6,8,0
2015,6,18,31,26,74,1002,6,5,4.06
2015,6,19,31,26,69,1002,6,8,4.06
2015,6,20,30,24,70,1001,6,11,5.08
2015,6,21,29,25,80,1002,5,13,1.02
2015,6,22,27,25,91,1000,4,16,34.04
2015,6,23,27,26,91,998,4,13,2.03
2015,6,24,27,26,93,997,3,10,100.08
2015,6,25,26,26,93,995,4,10,17.02
2015,6,26,26,26,93,995,3,3,10.92
2015,6,27,27,25,91,1000,4,6,16
2015,6,28,27,25,79,1006,5,6,0
2015,6,29,29,24,74,1007,6,10,0
2015,6,30,29,24,72,1006,6,13,0
2015,7,1,29,25,80,1005,5,13,0
2015,7,2,28,25,86,1004,5,10,7.11
2015,7,3,29,26,81,1003,6,10,0
2015,7,4,29,27,82,1001,5,10,3.05
2015,7,5,29,27,81,999,5,10,0
2015,7,6,29,26,77,998,5,8,2.03
2015,7,7,29,26,79,998,5,3,2.03
2015,7,8,28,26,85,999,5,3,3.05
2015,7,9,26,25,93,1001,3,11,38.1
2015,7,10,29,26,82,1002,6,13,2.03
2015,7,11,30,26,77,1004,6,10,0
2015,7,12,29,27,78,1003,6,8,0
2015,7,13,30,27,79,1001,6,10,0
2015,7,14,29,27,81,1000,5,8,0.76
2015,7,15,29,27,87,999,4,8,23.11
2015,7,16,28,26,80,998,6,10,0
2015,7,17,29,26,88,998,4,8,0.51
2015,7,18,28,26,90,1000,4,16,40.89
2015,7,19,26,25,92,1000,5,8,19.05
2015,7,20,28,26,86,1000,6,14,1.02
2015,7,21,29,27,85,1002,6,11,1.02
2015,7,22,29,26,88,1005,6,8,8.89
2015,7,23,28,26,91,1006,5,10,11.94
2015,7,24,26,26,99,1006,3,8,28.96
2015,7,25,26,26,98,1002,2,18,73.91
2015,7,26,24,24,98,998,2,8,27.94
2015,7,27,27,25,91,997,4,13,11.94
2015,7,28,27,25,87,997,5,11,13.97
2015,7,29,26,24,87,993,4,16,16
2015,7,30,24,24,93,991,3,24,37.08
2015,7,31,24,24,92,995,3,13,62.99
2015,8,1,26,24,89,1003,5,11,0
2015,8,2,28,26,81,1005,6,8,0
2015,8,3,29,26,79,1005,5,8,0
2015,8,4,29,27,81,1003,5,8,0
2015,8,5,29,26,79,1002,5,10,0
2015,8,6,29,27,78,1001,5,10,0
2015,8,7,30,27,79,1002,5,5,0
2015,8,8,29,26,81,1002,5,5,3.05
2015,8,9,29,25,77,1001,6,5,0.51
2015,8,10,31,25,72,1001,6,6,0
2015,8,11,29,27,83,1004,5,6,1.02
2015,8,12,30,26,75,1005,5,6,2.03
2015,8,13,30,27,80,1005,6,8,0
2015,8,14,29,26,81,1005,6,8,1.02
2015,8,15,29,26,82,1007,6,11,0
2015,8,16,28,26,84,1007,5,13,27.94
2015,8,17,28,26,88,1007,4,13,27.94
2015,8,18,26,26,94,1008,4,11,30.99
2015,8,19,28,26,92,1006,4,16,10.92
2015,8,20,27,27,93,1005,4,10,3.05
2015,8,21,28,25,78,1004,5,8,0.51
2015,8,22,29,26,78,1001,6,10,0
2015,8,23,29,26,79,1002,5,10,0
2015,8,24,29,26,76,1002,6,8,0.25
2015,8,25,29,26,80,1002,5,10,0
2015,8,26,30,26,76,1002,6,6,0
2015,8,27,30,25,75,1004,6,11,3.05
2015,8,28,29,25,78,1005,5,11,7.11
2015,8,29,28,26,85,1005,5,13,2.03
2015,8,30,27,26,93,1005,4,10,24.89
2015,8,31,27,26,91,1005,4,11,21.08
2015,9,1,26,26,94,1003,3,11,9.91
2015,9,2,28,25,86,1003,6,18,0
2015,9,3,28,25,83,1007,5,5,0
2015,9,4,29,25,78,1008,5,5,0
2015,9,5,30,26,77,1007,5,5,0
2015,9,6,30,26,77,1007,6,10,0
2015,9,7,29,26,79,1006,5,8,0
2015,9,8,30,26,77,1005,6,5,0
2015,9,9,30,26,79,1005,4,2,3.05
2015,9,10,30,26,76,1006,5,5,0.51
2015,9,11,30,26,73,1007,6,5,0
2015,9,12,29,26,73,1006,6,11,18.03
2015,9,13,30,26,79,1006,5,3,7.11
2015,9,14,31,26,76,1005,6,8,0
2015,9,15,30,25,76,1005,5,8,2.03
2015,9,16,30,26,72,1004,6,8,0
2015,9,17,31,27,79,1004,5,2,0
2015,9,18,31,27,79,1004,5,5,1.02
2015,9,19,28,25,86,1007,5,10,1.02
2015,9,20,28,25,81,1006,5,14,0.51
2015,9,21,28,26,86,1006,5,13,0.51
2015,9,22,29,26,76,1006,6,18,0
2015,9,23,28,26,87,1006,5,10,6.1
2015,9,24,27,26,90,1005,4,8,2.03
2015,9,25,29,26,83,1005,6,5,3.05
2015,9,26,30,25,73,1005,4,3,0
2015,9,27,29,24,71,1006,5,5,0
2015,9,28,29,24,70,1007,5,2,0
2015,9,29,30,25,70,1007,5,3,0
2015,9,30,31,26,72,1009,5,0,0
2015,10,1,28,25,76,1011,5,5,58.93
2015,10,2,29,26,81,1009,5,5,0.51
2015,10,3,29,26,77,1008,5,5,0.51
2015,10,4,29,24,76,1008,5,5,9.91
2015,10,5,28,26,79,1008,5,2,1.02
2015,10,6,29,26,81,1007,5,5,1.02
2015,10,7,29,25,76,1007,5,8,2.03
2015,10,8,26,24,93,1004,4,6,17.02
2015,10,9,28,24,83,1004,5,8,0
2015,10,10,28,24,84,1007,5,3,24.89
2015,10,11,27,24,82,1009,5,0,0.76
2015,10,12,28,24,83,1009,5,0,0
2015,10,13,26,24,87,1011,5,3,5.08
2015,10,14,27,23,77,1012,5,3,0
2015,10,15,27,24,80,1013,4,0,0
2015,10,16,28,24,76,1012,5,0,0
2015,10,17,28,24,74,1011,4,6,0
2015,10,18,28,24,75,1012,4,3,0
2015,10,19,28,24,75,1011,3,0,0
2015,10,20,28,24,75,1009,4,0,0
2015,10,21,28,24,75,1009,4,0,0
2015,10,22,28,23,71,1010,4,2,0
2015,10,23,29,23,72,1010,4,2,0
2015,10,24,28,21,65,1011,4,2,0
2015,10,25,28,23,75,1012,4,2,0
2015,10,26,28,23,73,1012,3,2,0
2015,10,27,28,23,72,1012,4,0,0
2015,10,28,28,22,68,1012,4,2,0
2015,10,29,28,23,70,1013,4,2,0
2015,10,30,26,23,90,1014,3,2,2.03
2015,10,31,23,22,88,1014,5,2,2.03
2015,11,1,23,21,85,1014,5,6,1.02
2015,11,2,26,22,75,1014,5,3,0
2015,11,3,27,22,77,1013,5,2,0
2015,11,4,27,22,71,1011,5,0,0
2015,11,5,27,22,69,1011,5,6,0
2015,11,6,27,21,66,1011,5,3,0
2015,11,7,27,19,59,1012,4,8,0
2015,11,8,25,19,63,1013,3,10,0
2015,11,9,26,18,62,1012,4,2,0
2015,11,10,25,21,73,1011,3,3,0
2015,11,11,27,20,67,1011,5,0,0
2015,11,12,26,19,68,1012,4,5,0
2015,11,13,24,20,71,1012,4,5,0
2015,11,14,24,19,70,1010,4,3,0
2015,11,15,25,20,72,1011,4,2,0
2015,11,16,24,21,77,1011,4,3,0
2015,11,17,24,22,79,1011,3,0,0
2015,11,18,23,21,82,1014,3,5,0.76
2015,11,19,24,21,76,1013,5,10,0
2015,11,20,26,21,79,1012,4,3,0
2015,11,21,27,21,67,1012,5,3,0
2015,11,22,26,21,70,1012,5,3,0
2015,11,23,25,19,66,1013,4,5,0
2015,11,24,24,18,67,1012,4,0,0
2015,11,25,23,19,70,1012,4,2,0
2015,11,26,24,17,62,1011,4,2,0
2015,11,27,24,18,71,1011,4,2,0
2015,11,28,24,18,70,1015,4,3,0
2015,11,29,23,18,68,1015,3,5,0
2015,11,30,24,19,64,1014,3,11,0
2015,12,1,24,19,71,1013,3,2,0
2015,12,2,24,21,76,1013,3,0,0.25
2015,12,3,23,21,84,1014,2,0,2.03
2015,12,4,24,19,74,1013,4,8,0
2015,12,5,24,19,74,1013,3,5,0
2015,12,6,23,18,71,1013,3,5,0
2015,12,7,24,18,66,1014,3,3,0
2015,12,8,23,18,73,1013,3,0,0
2015,12,9,23,19,76,1014,3,5,0
2015,12,10,22,18,74,1013,3,3,0
2015,12,11,22,18,73,1012,3,2,0
2015,12,12,23,19,74,1011,3,2,0
2015,12,13,23,21,77,1013,3,3,0
2015,12,14,24,21,81,1012,3,3,0
2015,12,15,23,19,77,1013,3,5,0
2015,12,16,23,15,64,1014,3,11,0
2015,12,17,20,10,54,1014,3,6,0
2015,12,18,17,15,90,1015,3,2,0
2015,12,19,21,14,66,1016,4,13,0
2015,12,20,20,14,65,1016,3,8,0
2015,12,21,19,12,64,1016,4,8,0
2015,12,22,20,13,68,1018,4,8,0
2015,12,23,21,14,64,1016,3,10,0
2015,12,24,21,13,57,1015,4,8,0
2015,12,25,21,14,62,1016,3,13,0
2015,12,26,20,13,62,1016,3,11,0
2015,12,27,19,13,65,1016,3,3,0
2015,12,28,19,14,63,1017,3,5,0
2015,12,29,19,16,76,1016,3,2,0
2015,12,30,19,16,77,1015,2,2,0
2015,12,31,20,17,78,1017,3,2,0
2016,1,1,20,17,75,1018,3,5,0
2016,1,2,19,16,75,1017,3,5,0
2016,1,3,20,17,71,1016,3,5,0
2016,1,4,20,16,73,1016,2,2,0
2016,1,5,21,15,74,1015,3,3,0
2016,1,6,21,16,74,1015,3,5,0
2016,1,7,20,16,71,1016,3,5,0
2016,1,8,21,17,76,1015,2,3,0
2016,1,9,21,19,84,1013,3,3,0
2016,1,10,22,19,76,1015,3,2,0
2016,1,11,21,19,85,1015,2,5,0
2016,1,12,20,13,62,1014,3,5,0
2016,1,13,19,14,70,1013,3,2,0
2016,1,14,19,14,70,1014,3,3,0
2016,1,15,19,13,63,1012,3,5,0
2016,1,16,21,13,63,1012,3,2,0
2016,1,17,21,13,58,1012,3,6,0
2016,1,18,20,13,59,1012,3,6,0
2016,1,19,21,14,60,1012,3,6,0
2016,1,20,21,14,59,1013,3,2,0
2016,1,21,19,17,84,1015,2,2,2.03
2016,1,22,20,13,63,1016,3,13,0
2016,1,23,18,14,73,1017,2,13,0
2016,1,24,18,12,67,1016,2,11,0
2016,1,25,18,12,61,1014,3,13,0
2016,1,26,18,9,53,1014,4,5,0
2016,1,27,19,9,53,1014,3,5,0
2016,1,28,19,13,70,1014,4,2,0
2016,1,29,20,15,68,1015,3,5,0
2016,1,30,21,16,76,1014,2,0,0
2016,1,31,21,17,71,1013,3,2,0
2016,2,1,22,18,76,1014,3,3,0
2016,2,2,21,18,84,1015,1,5,0
2016,2,3,22,17,67,1013,3,3,0
2016,2,4,23,12,48,1014,3,11,0
2016,2,5,21,11,50,1013,4,8,0
2016,2,6,20,9,42,1012,3,8,0
2016,2,7,21,14,57,1014,3,5,0
2016,2,8,22,14,61,1013,3,3,0
2016,2,9,22,18,74,1013,3,3,0
2016,2,10,23,19,76,1012,4,5,0
2016,2,11,22,18,74,1011,3,3,0
2016,2,12,23,20,75,1011,3,8,0
2016,2,13,25,20,73,1012,3,6,0
2016,2,14,24,20,76,1013,3,5,0
2016,2,15,26,19,69,1014,3,3,0
2016,2,16,27,18,59,1015,3,3,0
2016,2,17,26,18,57,1015,3,6,0
2016,2,18,26,19,63,1013,2,11,0
2016,2,19,26,18,60,1013,4,6,0
2016,2,20,26,21,73,1012,4,14,0
2016,2,21,26,22,75,1011,3,16,0
2016,2,22,28,23,78,1013,4,18,0
2016,2,23,27,23,78,1013,4,18,0
2016,2,24,24,22,85,1014,4,10,0
2016,2,25,23,19,78,1015,4,14,0
2016,2,26,26,19,66,1015,4,13,0
2016,2,27,27,19,61,1016,4,11,0
2016,2,28,26,21,68,1016,3,6,0
2016,2,29,26,22,73,1016,3,6,0
2016,3,1,26,19,65,1014,3,5,0
2016,3,2,27,20,64,1014,3,6,0
2016,3,3,27,21,72,1014,3,5,0
2016,3,4,26,22,71,1012,5,6,0
2016,3,5,26,22,74,1011,3,5,0
2016,3,6,26,22,70,1011,3,5,0
2016,3,7,28,19,59,1010,3,8,0
2016,3,8,27,23,77,1010,3,6,0
2016,3,9,28,23,73,1010,3,6,0
2016,3,10,28,22,70,1011,4,10,0
2016,3,11,28,24,76,1011,4,6,0
2016,3,12,29,24,80,1010,3,10,0
2016,3,13,28,22,70,1011,3,8,0
2016,3,14,29,15,41,1011,4,14,0
2016,3,15,28,15,46,1010,4,11,0
2016,3,16,28,21,60,1010,4,5,0
2016,3,17,28,21,59,1011,5,10,0
2016,3,18,28,18,53,1010,4,8,0
2016,3,19,27,22,69,1009,3,8,0
2016,3,20,27,23,78,1009,4,10,0
2016,3,21,28,23,72,1007,4,14,0
2016,3,22,27,22,67,1007,5,14,10.92
2016,3,23,28,23,73,1009,4,14,0
2016,3,24,27,24,74,1012,4,8,0
2016,3,25,28,22,60,1012,5,8,0
2016,3,26,28,24,78,1011,3,5,0
2016,3,27,28,22,66,1013,5,10,0
2016,3,28,26,23,75,1012,4,16,33.02
2016,3,29,26,22,71,1012,4,10,0
2016,3,30,28,23,70,1013,4,8,0
2016,3,31,28,24,74,1011,4,10,11.94
2016,4,1,22,18,77,1010,5,18,0
2016,4,2,25,22,73,1010,4,5,0
2016,4,3,28,24,75,1011,4,11,0
2016,4,4,28,24,79,1009,4,14,0
2016,4,5,28,24,76,1007,4,16,0
2016,4,6,29,25,74,1008,4,19,0
2016,4,7,29,26,80,1008,4,14,0
2016,4,8,29,25,76,1008,4,11,0
2016,4,9,29,26,81,1008,4,11,0
2016,4,10,29,25,74,1009,5,14,0
2016,4,11,30,26,77,1006,5,13,0
2016,4,12,30,27,79,1005,5,23,0
2016,4,13,30,26,76,1004,4,23,0
2016,4,14,30,26,73,1006,6,23,0
2016,4,15,30,25,75,1007,5,18,0
2016,4,16,30,26,73,1006,5,23,0
2016,4,17,29,24,70,1007,6,21,0
2016,4,18,30,24,68,1008,5,19,0
2016,4,19,30,25,72,1008,6,27,0
2016,4,20,29,24,71,1008,5,18,0
2016,4,21,29,25,71,1006,5,24,0
2016,4,22,29,26,75,1005,5,24,0.51
2016,4,23,31,26,73,1002,5,29,0.51
2016,4,24,31,27,75,1003,5,24,0
2016,4,25,31,27,77,1006,5,24,0
2016,4,26,31,26,73,1009,5,16,0
2016,4,27,30,26,70,1007,6,14,0
2016,4,28,31,26,71,1006,5,13,0
2016,4,29,31,26,70,1007,5,14,0
2016,4,30,31,26,70,1006,5,18,0
2016,5,1,30,26,72,1006,6,18,0
2016,5,2,28,23,72,1007,5,19,1.02
2016,5,3,27,22,67,1007,5,11,0
2016,5,4,29,23,74,1008,5,13,4.06
2016,5,5,30,22,60,1008,6,8,0.25
2016,5,6,29,24,70,1008,5,10,0
2016,5,7,29,24,74,1008,5,10,0
2016,5,8,29,24,65,1008,5,13,0
2016,5,9,30,26,73,1008,6,8,0
2016,5,10,31,26,76,1008,5,13,0
2016,5,11,31,25,66,1006,5,29,0
2016,5,12,31,26,69,1004,6,8,0
2016,5,13,26,23,84,1006,4,10,1.02
2016,5,14,28,24,71,1007,5,13,0
2016,5,15,31,26,72,1008,6,10,0
2016,5,16,31,26,73,1006,5,16,0
2016,5,17,30,27,78,1005,6,19,0
2016,5,18,30,26,74,1005,5,16,9.91
2016,5,19,26,25,92,1006,4,11,7.11
2016,5,20,27,24,90,1003,4,13,2.03
2016,5,21,26,24,92,993,3,31,0
2016,5,22,27,25,84,1000,5,10,0
2016,5,23,29,26,77,1001,6,11,0
2016,5,24,30,25,78,1001,5,11,0
2016,5,25,29,25,77,1000,5,11,6.1
2016,5,26,28,25,71,1002,5,11,6.1
2016,5,27,30,26,76,1003,6,11,0
2016,5,28,30,26,75,1003,5,16,0
2016,5,29,30,27,75,1003,5,13,0
2016,5,30,31,26,74,1003,6,13,0
2016,5,31,31,25,75,1004,5,13,0
2016,6,1,29,25,73,1005,5,11,0
2016,6,2,30,26,69,1004,5,10,0
2016,6,3,30,26,72,1005,5,8,0
2016,6,4,30,24,67,1006,6,11,2.03
2016,6,5,30,26,73,1006,5,11,2.03
2016,6,6,30,25,70,1006,6,13,0
2016,6,7,30,25,76,1006,5,14,0
2016,6,8,29,26,86,1004,5,16,0
2016,6,9,26,25,94,1002,4,10,0
2016,6,10,28,25,83,999,5,6,0
2016,6,11,28,24,88,1001,4,11,0
2016,6,12,26,24,89,1002,4,10,0
2016,6,13,26,24,92,1002,4,11,0
2016,6,14,29,26,80,1000,5,11,0
2016,6,15,29,26,79,999,5,14,0
2016,6,16,30,26,78,1000,5,13,0
2016,6,17,30,26,76,1001,5,13,0
2016,6,18,31,25,71,1004,6,18,0
2016,6,19,30,24,68,1006,6,14,0
2016,6,20,30,25,72,1005,6,16,0
2016,6,21,30,26,75,1005,6,13,0
2016,6,22,31,26,72,1005,6,14,0
2016,6,23,31,26,74,1004,5,11,0
2016,6,24,30,26,75,1003,5,11,2.03
2016,6,25,30,26,74,1003,5,10,0
2016,6,26,29,26,73,1003,6,6,8.89
2016,6,27,31,26,72,1002,5,13,8.89
2016,6,28,30,26,70,1003,6,16,1.02
2016,6,29,30,26,74,1003,6,13,0
2016,6,30,31,26,73,1002,5,14,0
2016,7,1,30,25,74,1000,5,18,0
2016,7,2,29,26,82,1000,5,18,3.05
2016,7,3,27,26,92,1001,4,24,71.12
2016,7,4,27,26,95,1001,2,21,13.97
2016,7,5,27,26,92,1001,4,14,9.91
2016,7,6,26,26,93,1001,3,8,8.89
2016,7,7,29,26,81,999,5,11,0
2016,7,8,29,26,78,998,5,13,1.02
2016,7,9,29,26,81,998,5,14,1.02
2016,7,10,29,26,82,998,5,21,5.08
2016,7,11,28,26,84,1000,5,14,3.05
2016,7,12,28,26,83,1002,5,19,7.11
2016,7,13,29,26,85,1002,5,14,24.89
2016,7,14,29,27,80,1001,6,13,0
2016,7,15,29,26,82,1002,5,18,1.02
2016,7,16,27,26,89,1006,5,19,4.06
2016,7,17,27,24,87,1008,4,13,25.91
2016,7,18,27,24,86,1005,5,13,11.94
2016,7,19,28,26,85,1003,5,18,0.25
2016,7,20,29,26,83,1003,5,8,6.1
2016,7,21,29,26,81,1004,5,13,0
2016,7,22,30,25,73,1005,6,16,0
2016,7,23,29,25,76,1006,5,18,0
2016,7,24,29,25,74,1007,5,14,0
2016,7,25,26,24,90,1008,4,11,13.97
2016,7,26,28,24,75,1008,6,6,0
2016,7,27,29,24,73,1007,5,5,0
2016,7,28,28,26,79,1004,5,5,20.07
2016,7,29,29,26,82,1003,5,6,2.03
2016,7,30,29,26,77,1002,5,5,0
2016,7,31,29,26,81,1001,5,5,7.87
2016,8,1,30,26,80,999,5,6,0
2016,8,2,30,25,72,998,5,14,0.25
2016,8,3,30,26,75,998,5,13,6.1
2016,8,4,30,26,69,999,5,23,6.1
2016,8,5,29,25,72,1001,6,18,0.25
2016,8,6,29,25,79,1003,5,18,0.51
2016,8,7,29,26,81,1003,5,16,0
2016,8,8,29,26,81,1002,5,16,4.06
2016,8,9,26,24,92,1001,4,14,0
2016,8,10,26,24,92,1001,4,18,17.02
2016,8,11,27,26,90,1003,4,11,12.95
2016,8,12,28,26,84,1003,5,10,1.02
2016,8,13,29,26,82,1002,5,13,1.02
2016,8,14,29,26,80,1000,5,10,11.94
2016,8,15,29,26,76,997,6,5,2.03
2016,8,16,30,26,75,995,5,6,2.03
2016,8,17,28,25,82,997,5,16,0.25
2016,8,18,29,25,76,1001,5,11,5.08
2016,8,19,30,26,77,1002,5,10,5.08
2016,8,20,29,27,87,1001,5,3,1.02
2016,8,21,26,24,94,1002,4,23,19.05
2016,8,22,28,24,76,1005,5,8,2.03
2016,8,23,29,25,77,1004,5,5,0
2016,8,24,28,26,79,1002,5,8,0.76
2016,8,25,29,26,75,1003,5,3,0
2016,8,26,31,26,75,1004,5,2,0
2016,8,27,28,26,82,1006,5,13,0
2016,8,28,30,26,74,1006,5,10,4.06
2016,8,29,29,26,77,1004,5,3,29.97
2016,8,30,30,26,76,1004,6,8,0
2016,8,31,29,26,84,1005,5,13,2.03
2016,9,1,28,26,89,1005,4,13,2.03
2016,9,2,28,26,87,1002,5,11,0
2016,9,3,29,26,80,1001,5,13,6.1
2016,9,4,29,26,84,1002,5,10,2.03
2016,9,5,29,26,78,1001,5,11,3.05
2016,9,6,29,26,87,1002,5,10,3.05
2016,9,7,29,25,78,1003,5,32,0
2016,9,8,29,26,74,1004,5,8,0
2016,9,9,30,25,73,1006,5,13,0
2016,9,10,29,25,74,1006,6,8,0
2016,9,11,28,26,80,1005,5,6,6.1
2016,9,12,29,26,83,1005,5,5,0
2016,9,13,29,25,78,1006,5,5,3.05
2016,9,14,29,24,76,1006,5,6,0
2016,9,15,30,25,72,1005,6,6,0
2016,9,16,29,25,79,1005,5,6,1.02
2016,9,17,29,25,80,1005,5,8,2.03
2016,9,18,30,26,76,1005,6,18,7.87
2016,9,19,29,26,78,1005,6,0,0
2016,9,20,30,25,78,1005,5,0,6.1
2016,9,21,30,25,73,1007,5,5,11.94
2016,9,22,29,25,83,1008,5,10,3.05
2016,9,23,29,25,72,1006,5,8,0
2016,9,24,30,25,73,1005,6,11,0
2016,9,25,29,26,75,1005,6,10,0
2016,9,26,29,26,73,1006,5,5,0
2016,9,27,30,27,81,1006,5,5,2.03
2016,9,28,29,26,81,1005,5,6,5.08
2016,9,29,29,26,75,1005,6,6,0
2016,9,30,31,26,75,1004,6,2,7.11
2016,10,1,30,26,74,1007,6,2,0
2016,10,2,30,26,77,1008,5,3,0
2016,10,3,28,25,84,1006,4,10,0
2016,10,4,28,25,82,1005,5,2,0
2016,10,5,30,26,86,1004,5,2,6.1
2016,10,6,30,25,73,1005,6,2,0
2016,10,7,31,26,77,1006,5,2,0
2016,10,8,29,26,75,1007,5,11,0
2016,10,9,30,26,78,1006,5,3,0
2016,10,10,27,25,90,1005,4,6,10.92
2016,10,11,26,24,88,1005,4,10,12.95
2016,10,12,24,24,92,1005,4,10,2.03
2016,10,13,27,25,85,1007,5,2,0
2016,10,14,29,26,83,1007,4,2,0
2016,10,15,29,26,82,1007,4,6,0
2016,10,16,30,26,75,1007,4,6,0
2016,10,17,30,26,77,1006,5,6,0
2016,10,18,29,26,77,1006,5,2,0
2016,10,19,30,26,75,1005,5,5,0
2016,10,20,30,25,72,1004,4,6,0
2016,10,21,30,21,62,1005,5,3,0
2016,10,22,29,19,56,1006,5,6,0
2016,10,23,28,20,57,1005,5,6,0
2016,10,24,29,21,60,1004,5,8,0
2016,10,25,29,22,64,1005,5,5,0
2016,10,26,30,23,73,1008,5,3,0
2016,10,27,29,23,75,1011,4,2,0
2016,10,28,29,24,81,1010,5,2,10.92
2016,10,29,28,23,79,1010,5,6,2.03
2016,10,30,27,24,79,1011,5,3,0
2016,10,31,30,24,71,1013,4,3,0
2016,11,1,30,24,74,1012,5,2,0
2016,11,2,29,23,69,1011,5,6,0
2016,11,3,29,24,72,1011,5,3,0
2016,11,4,27,25,90,1010,4,8,3.05
2016,11,5,22,21,86,1006,5,19,37.08
2016,11,6,23,22,93,1004,3,13,1.02
2016,11,7,24,23,86,1008,5,11,0.51
2016,11,8,26,21,75,1010,4,5,0
2016,11,9,26,21,67,1010,5,10,0
2016,11,10,26,21,72,1011,5,5,0
2016,11,11,25,19,67,1012,4,5,0
2016,11,12,26,20,73,1013,3,5,0
2016,11,13,25,20,69,1013,3,6,0
2016,11,14,26,19,66,1012,4,6,0
2016,11,15,26,20,72,1012,4,6,0
2016,11,16,26,20,70,1012,4,11,0
2016,11,17,24,21,73,1012,5,10,0
2016,11,18,24,21,75,1010,5,11,0
2016,11,19,24,17,62,1010,5,10,0
2016,11,20,23,17,64,1011,5,3,0
2016,11,21,24,18,70,1010,4,6,0
2016,11,22,23,17,66,1010,4,8,0
2016,11,23,23,17,66,1011,4,3,0
2016,11,24,23,17,69,1011,4,6,0
2016,11,25,23,18,69,1010,4,2,0
2016,11,26,22,18,74,1010,4,2,0
2016,11,27,23,18,69,1010,4,2,0
2016,11,28,23,17,70,1011,4,0,0
2016,11,29,23,18,71,1013,3,0,0
2016,11,30,24,18,70,1013,5,2,0
2016,12,1,24,19,74,1014,4,2,0
2016,12,2,26,19,71,1014,4,3,0
2016,12,3,26,18,62,1015,4,6,0
2016,12,4,26,19,66,1013,4,10,0
2016,12,5,24,19,68,1013,4,10,0
2016,12,6,24,19,71,1013,4,3,0
2016,12,7,24,18,74,1012,4,5,0
2016,12,8,24,17,70,1011,4,3,0
2016,12,9,24,17,67,1009,4,2,0
2016,12,10,24,18,66,1009,4,10,0
2016,12,11,24,18,69,1009,4,8,0
2016,12,12,24,17,70,1010,3,3,0
2016,12,13,22,17,67,1011,3,5,0
2016,12,14,22,16,65,1012,3,10,0
2016,12,15,22,17,74,1012,3,10,0
2016,12,16,22,17,74,1013,4,3,0
2016,12,17,22,17,68,1013,4,5,0
2016,12,18,22,17,74,1014,3,2,0
2016,12,19,22,17,73,1013,2,3,0
2016,12,20,21,17,77,1012,2,0,0
2016,12,21,21,17,73,1013,2,5,0
2016,12,22,22,17,71,1011,3,6,0
2016,12,23,23,18,74,1010,3,2,0
2016,12,24,24,19,74,1010,3,0,0
2016,12,25,22,19,77,1012,3,0,0
2016,12,26,22,18,79,1012,2,3,0
2016,12,27,23,17,70,1013,2,5,0
2016,12,28,21,18,77,1013,2,10,0
2016,12,29,23,18,75,1014,4,5,0
2016,12,30,22,18,74,1015,3,0,0
2016,12,31,22,16,67,1014,3,2,0
2017,1,1,22,14,62,1014,3,3,0
2017,1,2,22,16,66,1014,3,2,0
2017,1,3,22,16,67,1012,4,6,0
2017,1,4,22,16,69,1012,3,6,0
2017,1,5,21,16,66,1011,3,11,0
2017,1,6,21,16,71,1012,3,13,0
2017,1,7,21,16,70,1010,2,8,0
2017,1,8,21,13,58,1010,3,11,0
2017,1,9,22,14,59,1010,4,8,0
2017,1,10,22,13,54,1010,3,13,0
2017,1,11,21,13,59,1011,4,16,0
2017,1,12,20,9,47,1012,4,18,0
2017,1,13,20,9,52,1013,4,18,0
2017,1,14,19,8,48,1014,4,19,0
2017,1,15,19,11,58,1014,3,18,0
2017,1,16,19,13,62,1013,3,13,0
2017,1,17,20,12,56,1014,3,10,0
2017,1,18,20,12,55,1016,3,11,0
2017,1,19,22,13,56,1015,3,13,0
2017,1,20,21,14,61,1015,3,11,0
2017,1,21,21,13,55,1016,3,14,0
2017,1,22,22,15,64,1015,3,10,0
2017,1,23,21,15,66,1015,3,6,0
2017,1,24,22,14,58,1016,3,6,0
2017,1,25,23,14,53,1016,4,3,0
2017,1,26,24,16,62,1016,4,2,0
2017,1,27,22,16,61,1014,3,2,0
2017,1,28,22,17,68,1013,3,2,0
2017,1,29,23,16,63,1013,4,10,0
2017,1,30,21,14,62,1012,3,11,0
2017,1,31,21,14,63,1013,3,6,0
2017,2,1,22,14,59,1014,2,14,0
2017,2,2,23,12,51,1015,2,14,0
2017,2,3,18,12,40,1016,3,11,0
2017,2,4,22,13,53,1013,4,6,0
2017,2,5,24,13,49,1012,4,3,0
2017,2,6,24,17,61,1011,3,6,0
2017,2,7,21,18,76,1011,3,3,0
2017,2,8,22,17,73,1012,2,5,0
2017,2,9,22,12,53,1012,4,11,0
2017,2,10,22,13,56,1012,3,11,0
2017,2,11,24,15,58,1014,3,2,0
2017,2,12,24,16,57,1016,4,10,0
2017,2,13,25,13,48,1017,4,13,0
2017,2,14,26,12,47,1018,5,11,0
2017,2,15,26,13,45,1017,4,11,0
2017,2,16,24,14,55,1015,3,5,0
2017,2,17,24,15,58,1014,3,5,0
2017,2,18,24,18,66,1014,3,2,0
2017,2,19,23,18,73,1012,2,3,0
2017,2,20,26,21,74,1009,2,8,0
2017,2,21,26,22,80,1010,4,18,0
2017,2,22,26,22,78,1011,4,14,0
2017,2,23,25,22,77,1012,4,14,0
2017,2,24,26,19,68,1013,4,8,0
2017,2,25,24,12,52,1012,4,6,0
2017,2,26,23,13,49,1010,4,8,0
2017,2,27,23,17,58,1013,4,8,0
2017,2,28,27,14,49,1012,4,6,0
2017,3,1,25,13,52,1011,3,8,0
2017,3,2,24,16,55,1010,3,5,0
2017,3,3,27,21,71,1008,3,6,0
2017,3,4,26,21,70,1009,4,5,0
2017,3,5,26,19,64,1009,5,10,0
2017,3,6,24,20,73,1008,4,13,0
2017,3,7,26,21,72,1009,4,5,0
2017,3,8,24,21,79,1009,4,3,0.76
2017,3,9,24,17,61,1007,4,11,0.76
2017,3,10,26,22,76,1008,4,13,3.05
2017,3,11,24,21,88,1009,4,11,7.11
2017,3,12,23,21,84,1009,3,6,0
2017,3,13,26,19,65,1012,4,11,0
2017,3,14,24,12,42,1012,5,16,0
2017,3,15,24,10,38,1012,5,18,0
2017,3,16,24,11,42,1010,5,18,0
2017,3,17,24,16,60,1009,4,3,0
2017,3,18,26,20,73,1010,4,5,0
2017,3,19,26,21,70,1011,4,8,0
2017,3,20,23,21,83,1011,3,6,0
2017,3,21,23,17,68,1012,4,11,0
2017,3,22,24,17,60,1011,4,6,0
2017,3,23,25,19,68,1010,4,6,0
2017,3,24,26,22,77,1010,3,5,0
2017,3,25,26,21,69,1011,4,6,0
2017,3,26,26,21,71,1011,5,6,0
2017,3,27,27,22,74,1011,4,10,0
2017,3,28,27,23,76,1011,4,13,0
2017,3,29,27,23,76,1009,4,21,0
2017,3,30,29,24,77,1010,5,27,0
2017,3,31,28,24,77,1011,6,19,0
2017,4,1,28,24,76,1009,5,18,0
2017,4,2,28,24,75,1009,6,23,0
2017,4,3,28,23,72,1009,5,23,0.25
2017,4,4,26,22,79,1010,4,19,30.99
2017,4,5,27,21,78,1010,4,14,8.89
2017,4,6,26,22,70,1009,5,3,0
2017,4,7,29,24,76,1008,5,5,0
2017,4,8,29,24,74,1008,4,3,0
2017,4,9,29,25,76,1008,5,6,0
2017,4,10,29,25,78,1007,5,11,0
2017,4,11,29,24,74,1007,5,10,0
2017,4,12,28,26,78,1007,4,10,0
2017,4,13,30,24,71,1008,4,10,0
2017,4,14,29,25,76,1008,3,5,0
2017,4,15,29,24,72,1006,4,8,0
2017,4,16,28,22,62,1005,4,8,0
2017,4,17,27,22,68,1006,5,11,0
2017,4,18,28,24,69,1008,5,16,0
2017,4,19,29,24,72,1007,5,18,0
2017,4,20,26,22,73,1007,5,16,1.02
2017,4,21,22,21,89,1008,3,14,17.02
2017,4,22,25,21,82,1007,4,13,37.08
2017,4,23,26,22,76,1007,5,14,4.06
2017,4,24,25,21,81,1007,5,13,2.03
2017,4,25,26,24,76,1006,5,21,0
2017,4,26,29,26,78,1007,4,19,0
2017,4,27,29,26,80,1009,4,16,0
2017,4,28,29,27,79,1008,4,11,0
2017,4,29,29,26,77,1009,5,11,0
2017,4,30,30,26,77,1009,5,11,0
2017,5,1,28,25,77,1009,5,14,12.95
2017,5,2,28,22,62,1010,6,16,0
2017,5,3,29,25,71,1010,4,8,0
2017,5,4,30,26,74,1009,5,5,0
2017,5,5,29,25,75,1008,5,11,0
2017,5,6,29,25,73,1010,5,19,0
2017,5,7,29,26,73,1010,5,16,0
2017,5,8,30,25,73,1009,5,6,0
2017,5,9,30,26,72,1008,5,13,0
2017,5,10,29,23,67,1008,5,5,0
2017,5,11,30,25,72,1008,5,5,0
2017,5,12,31,26,71,1007,5,10,0
2017,5,13,31,26,71,1006,5,10,0
2017,5,14,31,26,72,1004,5,14,0
2017,5,15,29,25,80,1004,5,13,19.05
2017,5,16,27,24,72,1002,5,11,6.1
2017,5,17,29,26,80,1003,4,6,22.1
2017,5,18,28,25,68,1004,5,6,12.95
2017,5,19,31,27,77,1005,5,16,0
2017,5,20,31,27,76,1004,6,11,0
2017,5,21,32,27,75,1003,5,16,0
2017,5,22,31,27,73,1004,5,13,0
2017,5,23,31,27,73,1005,5,14,0
2017,5,24,32,28,82,1004,5,13,0
2017,5,25,31,27,74,1004,5,13,0
2017,5,26,31,26,70,1004,5,6,0
2017,5,27,32,26,70,1002,5,11,0
2017,5,28,31,26,73,1001,6,13,0
2017,5,29,28,26,80,998,5,10,1.02
2017,5,30,27,25,89,993,4,37,4.06
2017,5,31,28,26,85,1002,4,14,7.11
2017,6,1,29,27,84,1004,5,19,0
2017,6,2,26,24,89,1006,4,5,2.03
2017,6,3,28,27,90,1004,4,18,4.06
2017,6,4,26,24,90,1003,4,14,39.12
2017,6,5,28,26,79,1003,5,8,0
2017,6,6,31,27,80,1003,5,5,0
2017,6,7,30,26,74,1003,5,8,0
2017,6,8,30,27,81,1002,5,13,0.25
2017,6,9,30,27,80,1001,5,8,1.02
2017,6,10,31,26,83,1000,5,8,1.02
2017,6,11,29,25,83,998,5,18,3.05
2017,6,12,27,26,91,995,2,34,53.09
2017,6,13,27,25,93,1001,4,18,0
2017,6,14,28,25,82,1004,5,14,0
2017,6,15,28,26,87,1003,4,13,0
2017,6,16,27,25,92,1003,4,18,0
2017,6,17,30,27,82,1003,5,16,0
2017,6,18,28,27,91,1002,4,10,0
2017,6,19,28,25,84,1001,4,13,19.05
2017,6,20,27,25,80,1001,5,13,5.08
2017,6,21,28,26,89,1001,5,10,10.92
2017,6,22,29,26,78,1001,5,16,13.97
2017,6,23,30,25,75,1000,5,11,6.1
2017,6,24,30,26,77,999,5,11,5.08
2017,6,25,30,25,73,1000,5,19,0
2017,6,26,30,26,73,1002,5,16,0.51
2017,6,27,30,26,72,1002,6,13,0.51
2017,6,28,30,26,73,1002,5,14,0
2017,6,29,30,26,76,1002,5,13,0.76
2017,6,30,29,26,86,1000,5,13,17.02
2017,7,1,28,26,88,999,5,18,0.25
2017,7,2,29,26,89,1000,4,19,12.95
2017,7,3,27,26,92,1001,3,18,87.88
2017,7,4,27,26,93,1000,3,24,0
2017,7,5,26,26,93,1000,4,11,0
2017,7,6,28,26,90,1001,4,8,0
2017,7,7,29,26,78,1002,5,14,0
2017,7,8,29,26,82,1002,5,18,0
2017,7,9,29,26,78,1004,5,19,0
2017,7,10,29,26,87,1005,4,16,0
2017,7,11,27,26,89,1003,4,13,0
2017,7,12,29,26,81,1003,5,10,5.08
2017,7,13,29,26,80,1002,5,13,2.03
2017,7,14,29,26,80,1002,5,8,12.95
2017,7,15,29,26,77,1001,5,8,0
2017,7,16,30,26,74,998,6,8,0.76
2017,7,17,31,27,77,998,5,8,1.02
2017,7,18,30,26,79,1000,5,6,1.02
2017,7,19,27,25,94,1001,3,16,21.08
2017,7,20,27,26,94,1001,4,16,26.92
2017,7,21,27,26,91,1002,5,11,0
2017,7,22,29,26,84,1002,5,10,1.02
2017,7,23,26,26,96,1001,2,16,0
2017,7,24,24,24,98,1002,2,8,61.98
2017,7,25,26,24,93,1002,4,3,0.51
2017,7,26,28,26,82,1003,5,6,0.51
2017,7,27,29,27,81,1003,5,10,0
2017,7,28,29,27,78,1004,5,6,0
2017,7,29,29,27,87,1004,5,3,0
2017,7,30,30,27,82,1003,6,10,0
2017,7,31,29,26,76,1003,5,11,0
2017,8,1,30,27,80,1003,5,11,0
2017,8,2,30,27,79,1002,5,13,0
2017,8,3,30,27,81,999,6,13,0
2017,8,4,30,26,77,998,6,13,0
2017,8,5,30,26,77,999,5,18,0
2017,8,6,29,26,86,1002,5,11,2.03
2017,8,7,28,26,84,1004,5,13,7.87
2017,8,8,29,26,81,1005,5,16,0
2017,8,9,29,26,83,1005,5,16,2.03
2017,8,10,28,26,89,1004,5,16,4.06
2017,8,11,28,26,90,1003,4,19,20.07
2017,8,12,26,26,94,1004,3,8,116.08
2017,8,13,28,25,89,1005,4,8,25.91
2017,8,14,28,26,87,1006,5,10,0.51
2017,8,15,29,26,85,1004,4,11,1.02
2017,8,16,29,26,87,1002,4,10,0
2017,8,17,28,26,81,1000,5,10,0
2017,8,18,29,26,78,1002,6,13,0
2017,8,19,29,27,84,1005,5,10,0
2017,8,20,29,26,77,1004,6,8,20.07
2017,8,21,29,26,76,1002,5,10,2.03
2017,8,22,29,26,84,1002,5,8,0
2017,8,23,29,26,78,1003,5,8,0
2017,8,24,29,26,83,1003,5,11,7.87
2017,8,25,29,26,80,1001,5,6,0
2017,8,26,28,26,85,1000,5,11,0
2017,8,27,30,26,73,1001,5,14,0
2017,8,28,30,26,72,1003,6,18,0
2017,8,29,30,26,75,1005,5,16,0
2017,8,30,29,26,84,1005,5,8,0.51
2017,8,31,29,26,85,1005,4,10,1.02
2017,9,1,27,26,91,1005,4,11,8.89
2017,9,2,28,26,90,1004,4,10,8.89
2017,9,3,27,26,95,1005,3,8,1.02
2017,9,4,29,26,79,1005,5,5,1.02
2017,9,5,30,27,79,1005,5,5,0
2017,9,6,29,27,80,1006,5,6,0
2017,9,7,30,26,79,1006,5,10,0
2017,9,8,28,26,88,1007,4,8,46.99
2017,9,9,28,26,86,1007,5,10,0
2017,9,10,28,25,85,1008,5,11,39.12
2017,9,11,29,25,86,1008,5,11,18.03
2017,9,12,29,25,82,1008,5,10,0
2017,9,13,29,26,81,1008,5,10,0
2017,9,14,29,26,81,1006,4,8,0
2017,9,15,30,27,78,1004,5,5,2.03
2017,9,16,31,27,76,1002,5,11,0
2017,9,17,27,25,89,1003,4,13,0
2017,9,18,29,25,83,1003,4,5,12.95
2017,9,19,28,25,83,1003,4,13,3.05
2017,9,20,27,25,88,1006,4,11,6.1
2017,9,21,29,26,80,1006,5,6,0
2017,9,22,29,26,77,1006,5,5,0
2017,9,23,30,26,74,1007,5,11,0
2017,9,24,29,26,79,1005,5,10,5.08
2017,9,25,29,26,82,1004,6,10,8.89
2017,9,26,28,26,80,1005,5,6,46.99
2017,9,27,29,26,82,1006,4,6,2.03
2017,9,28,29,26,81,1005,5,8,0
2017,9,29,28,25,86,1006,4,14,55.12
2017,9,30,29,26,78,1009,6,11,1.02
2017,10,1,29,26,78,1008,5,8,1.02
2017,10,2,30,26,74,1006,5,5,0
2017,10,3,29,26,73,1006,5,6,0
2017,10,4,30,26,77,1006,5,6,0.25
2017,10,5,28,25,78,1006,5,5,1.02
2017,10,6,30,25,79,1007,5,6,0
2017,10,7,29,24,79,1007,5,8,0
2017,10,8,28,24,79,1007,5,11,0
2017,10,9,28,24,79,1006,5,8,7.87
2017,10,10,29,25,73,1006,6,2,0
2017,10,11,30,26,76,1005,5,6,0
2017,10,12,29,26,82,1005,5,5,0
2017,10,13,30,26,75,1005,5,2,0
2017,10,14,29,25,73,1005,6,3,0
2017,10,15,29,26,76,1005,6,3,0
2017,10,16,30,26,76,1004,5,3,0
2017,10,17,30,26,75,1004,5,6,0
2017,10,18,29,26,81,1006,5,2,1.02
2017,10,19,29,25,79,1007,5,5,7.11
2017,10,20,26,24,87,1008,4,13,7.87
2017,10,21,26,24,88,1004,3,29,39.88
2017,10,22,27,22,75,1006,5,16,0
2017,10,23,27,23,77,1008,5,2,0
2017,10,24,27,24,79,1011,4,2,0
2017,10,25,27,23,74,1013,4,2,0
2017,10,26,28,23,71,1012,5,2,0
2017,10,27,27,19,62,1011,5,3,0
2017,10,28,26,20,67,1012,4,0,0
2017,10,29,22,21,82,1014,4,5,5.08
2017,10,30,23,19,79,1014,4,14,4.06
2017,10,31,24,21,76,1012,5,6,0
2017,11,1,26,22,83,1013,5,2,0.25
2017,11,2,27,23,79,1011,4,2,0
2017,11,3,28,23,76,1010,4,3,0
2017,11,4,28,23,70,1011,5,0,0
2017,11,5,28,23,70,1011,5,5,0
2017,11,6,27,22,70,1010,5,5,0
2017,11,7,29,22,68,1010,5,5,0
2017,11,8,27,22,75,1011,4,5,0
2017,11,9,27,21,73,1010,4,3,0
2017,11,10,26,21,72,1010,5,2,0
2017,11,11,27,19,63,1010,5,5,0
2017,11,12,27,22,71,1009,5,5,0
2017,11,13,27,21,68,1008,4,8,0
2017,11,14,29,22,65,1009,5,6,0
2017,11,15,27,24,82,1010,4,5,14.99
2017,11,16,26,24,83,1010,4,11,14.99
2017,11,17,26,24,82,1010,4,2,0.25
2017,11,18,27,24,75,1010,4,6,0
2017,11,19,28,23,71,1010,4,8,0
2017,11,20,27,20,62,1010,4,10,0
2017,11,21,27,19,61,1010,4,18,0
2017,11,22,26,19,63,1009,3,14,0
2017,11,23,24,17,57,1009,3,11,0
2017,11,24,26,17,61,1010,4,11,0
2017,11,25,24,17,64,1012,5,6,0
2017,11,26,24,16,64,1013,4,8,0
2017,11,27,23,17,68,1012,3,3,0
2017,11,28,23,17,66,1012,4,2,0
2017,11,29,23,17,70,1013,4,6,0
2017,11,30,23,18,67,1012,5,11,0
2017,12,1,22,17,70,1012,4,5,0
2017,12,2,23,17,69,1014,3,3,0
2017,12,3,23,17,67,1012,4,6,0
2017,12,4,22,17,71,1012,4,6,0
2017,12,5,22,15,62,1012,4,5,0
2017,12,6,21,17,72,1010,3,3,0
2017,12,7,22,17,70,1010,4,10,0
2017,12,8,22,19,82,1011,4,8,1.02
2017,12,9,22,23,91,1011,4,3,1.02
2017,12,10,27,23,80,1011,5,8,0.51
2017,12,11,24,23,91,1012,4,11,0
2017,12,12,24,21,79,1013,3,6,0
2017,12,13,24,19,71,1013,3,6,0
2017,12,14,24,18,65,1014,3,6,0
2017,12,15,22,14,56,1014,4,8,0
2017,12,16,21,16,70,1015,3,10,0
2017,12,17,22,16,67,1016,4,6,0
2017,12,18,22,19,79,1016,3,3,0
2017,12,19,21,18,80,1016,2,3,0
2017,12,20,21,19,84,1017,2,3,0
2017,12,21,22,18,75,1016,4,8,0
2017,12,22,22,18,76,1015,3,2,0
2017,12,23,22,18,73,1012,3,3,0
2017,12,24,22,17,69,1012,3,6,0
2017,12,25,21,17,73,1012,3,6,0
2017,12,26,22,16,67,1012,3,8,0
2017,12,27,23,17,71,1013,4,8,0
2017,12,28,22,16,68,1013,4,2,0
2017,12,29,23,16,66,1014,4,5,0
2017,12,30,23,17,62,1013,4,5,0
2017,12,31,24,18,68,1012,4,2,0
